-- MySQL dump 10.13  Distrib 8.0.36, for Win64 (x86_64)
--
-- Host: localhost    Database: wedsneaker
-- ------------------------------------------------------
-- Server version	8.0.37

/*!40101 SET @OLD_CHARACTER_SET_CLIENT=@@CHARACTER_SET_CLIENT */;
/*!40101 SET @OLD_CHARACTER_SET_RESULTS=@@CHARACTER_SET_RESULTS */;
/*!40101 SET @OLD_COLLATION_CONNECTION=@@COLLATION_CONNECTION */;
/*!50503 SET NAMES utf8 */;
/*!40103 SET @OLD_TIME_ZONE=@@TIME_ZONE */;
/*!40103 SET TIME_ZONE='+00:00' */;
/*!40014 SET @OLD_UNIQUE_CHECKS=@@UNIQUE_CHECKS, UNIQUE_CHECKS=0 */;
/*!40014 SET @OLD_FOREIGN_KEY_CHECKS=@@FOREIGN_KEY_CHECKS, FOREIGN_KEY_CHECKS=0 */;
/*!40101 SET @OLD_SQL_MODE=@@SQL_MODE, SQL_MODE='NO_AUTO_VALUE_ON_ZERO' */;
/*!40111 SET @OLD_SQL_NOTES=@@SQL_NOTES, SQL_NOTES=0 */;

--
-- Table structure for table `anh`
--

DROP TABLE IF EXISTS `anh`;
/*!40101 SET @saved_cs_client     = @@character_set_client */;
/*!50503 SET character_set_client = utf8mb4 */;
CREATE TABLE `anh` (
  `id` bigint NOT NULL AUTO_INCREMENT,
  `SanPham` varchar(50) DEFAULT NULL,
  `ten` varchar(255) DEFAULT NULL,
  `ViTriAnh` int DEFAULT NULL,
  PRIMARY KEY (`id`),
  KEY `Anh_SanPham_idx` (`SanPham`),
  CONSTRAINT `Anh_SanPham` FOREIGN KEY (`SanPham`) REFERENCES `sanpham` (`Ma`) ON DELETE CASCADE ON UPDATE CASCADE,
  CONSTRAINT `FK53pp80mhis4r7rno10wmv5q81` FOREIGN KEY (`SanPham`) REFERENCES `sanpham` (`Ma`)
) ENGINE=InnoDB AUTO_INCREMENT=804 DEFAULT CHARSET=utf8mb4 COLLATE=utf8mb4_0900_ai_ci;
/*!40101 SET character_set_client = @saved_cs_client */;

--
-- Dumping data for table `anh`
--

LOCK TABLES `anh` WRITE;
/*!40000 ALTER TABLE `anh` DISABLE KEYS */;
INSERT INTO `anh` VALUES (771,'1','36673621.jpg',NULL),(777,'3','4a8af57.jpg',NULL),(778,'4','8e9e2064.jpg',NULL),(779,'5','ff9fa55c.png',NULL),(780,'7','30bf5750.png',NULL),(781,'6','f4f1b85.jpg',NULL),(782,'6','3f4ebed1.jpg',NULL),(783,'6','dd923e5.jpg',NULL),(784,'6','76d6cd79.jpg',NULL),(785,'6','92273377.jpg',NULL),(786,'8','39a4eb16.jpg',NULL),(787,'8','fa85e2ef.jpg',NULL),(788,'8','7cf46cc1.jpg',NULL),(789,'8','ad53dfe.jpg',NULL),(790,'8','338726e4.jpg',NULL),(791,'9','63ce7d2d.jpg',NULL),(792,'9','b791dcf4.jpg',NULL),(793,'9','8b32b2d9.jpg',NULL),(794,'CV1','2e753032.jpg',NULL),(795,'CV1','c5b2a6f2.jpg',NULL),(796,'CV1','500e8451.jpg',NULL),(797,'CV1','6cffff36.png',NULL),(798,'D1','b9a596b5.jpg',NULL),(799,'D1','1acf9d08.jpg',NULL),(800,'D1','78af0bdf.jpg',NULL),(801,'D1','b6088e18.jpg',NULL),(802,'NIKE2','f774dc6f.jpg',NULL),(803,'NIKE2','54d77558.jpg',NULL);
/*!40000 ALTER TABLE `anh` ENABLE KEYS */;
UNLOCK TABLES;

--
-- Table structure for table `chatlieu`
--

DROP TABLE IF EXISTS `chatlieu`;
/*!40101 SET @saved_cs_client     = @@character_set_client */;
/*!50503 SET character_set_client = utf8mb4 */;
CREATE TABLE `chatlieu` (
  `id` varchar(36) NOT NULL DEFAULT (uuid()),
  `Ten` varchar(200) DEFAULT NULL,
  `NgayTao` datetime DEFAULT NULL,
  `NgayCapNhat` datetime DEFAULT CURRENT_TIMESTAMP,
  PRIMARY KEY (`id`)
) ENGINE=InnoDB DEFAULT CHARSET=utf8mb4 COLLATE=utf8mb4_0900_ai_ci;
/*!40101 SET character_set_client = @saved_cs_client */;

--
-- Dumping data for table `chatlieu`
--

LOCK TABLES `chatlieu` WRITE;
/*!40000 ALTER TABLE `chatlieu` DISABLE KEYS */;
INSERT INTO `chatlieu` VALUES ('0c4ef1b1-59c1-4c3f-85fb-825549033579','Da','2024-06-02 18:19:57','2024-06-02 18:19:57'),('a7814731-8c75-4c1c-8a52-aa448f0298ed','Vải','2024-06-02 18:20:06','2024-06-02 18:20:06');
/*!40000 ALTER TABLE `chatlieu` ENABLE KEYS */;
UNLOCK TABLES;

--
-- Table structure for table `chitietdonhang`
--

DROP TABLE IF EXISTS `chitietdonhang`;
/*!40101 SET @saved_cs_client     = @@character_set_client */;
/*!50503 SET character_set_client = utf8mb4 */;
CREATE TABLE `chitietdonhang` (
  `id` varchar(255) NOT NULL,
  `DonHang` varchar(50) DEFAULT NULL,
  `ChiTietSanPham` varchar(36) DEFAULT NULL,
  `SoLuong` int DEFAULT NULL,
  `dongia` decimal(38,2) DEFAULT NULL,
  `dongiasaugiam` decimal(38,2) DEFAULT NULL,
  PRIMARY KEY (`id`),
  KEY `CTDH_DonHang_idx` (`DonHang`),
  KEY `CTDH_CTSP_idx` (`ChiTietSanPham`),
  CONSTRAINT `CTDH_CTSP` FOREIGN KEY (`ChiTietSanPham`) REFERENCES `chitietsanpham` (`id`) ON UPDATE CASCADE,
  CONSTRAINT `CTDH_DonHang` FOREIGN KEY (`DonHang`) REFERENCES `donhang` (`Ma`) ON DELETE CASCADE ON UPDATE CASCADE,
  CONSTRAINT `FK3i3vxmpwi6lkhoodqw3w5wkuh` FOREIGN KEY (`DonHang`) REFERENCES `donhang` (`Ma`),
  CONSTRAINT `FK7nb6wcsi5thxc4m83myp6aa9r` FOREIGN KEY (`ChiTietSanPham`) REFERENCES `chitietsanpham` (`id`)
) ENGINE=InnoDB DEFAULT CHARSET=utf8mb4 COLLATE=utf8mb4_0900_ai_ci;
/*!40101 SET character_set_client = @saved_cs_client */;

--
-- Dumping data for table `chitietdonhang`
--

LOCK TABLES `chitietdonhang` WRITE;
/*!40000 ALTER TABLE `chitietdonhang` DISABLE KEYS */;
INSERT INTO `chitietdonhang` VALUES ('01f3a445-257b-46ac-a966-7f8f5740cebb','mxFdH00F','14650e70-4851-4736-abff-2b078b6c783f',1,5990000.00,5990000.00),('0237621f-ef1f-46a0-819a-f8912c1b612f','KGsJptte','54d80056-1fa7-4095-9a5f-0eed84e99747',1,1000000.00,900000.00),('02b47ccf-4911-41b9-8dc3-7d45a69d1662','otdcccIN','e27f9006-fd7f-4e3c-a7e6-9c5c9e9ca8dd',9,15000000.00,14900000.00),('048792f9-8389-4fc9-939c-35eb044e1302','AjrBhLtE','e27f9006-fd7f-4e3c-a7e6-9c5c9e9ca8dd',1,15000000.00,14900000.00),('0575ab09-8431-4def-bd68-fc0a0f822dc0','ZrTyj3kV','b6467894-2fa8-4d2e-8a71-09455fab055b',2,15000000.00,14900000.00),('05aa8436-17c2-41b9-bba1-8624a5cfd1f7','2Kgwgab3','49331ad3-276f-4197-ae42-787459fdc924',1,1000000.00,900000.00),('0851f422-3174-461d-bf7f-2f5797a51154','yLr5ViwP','49331ad3-276f-4197-ae42-787459fdc924',1,1000000.00,900000.00),('0c94194c-7bfa-47f0-904c-9608f9dd7b0a','Ml3GTeyc','5744474d-453c-42f5-879e-1f41592d04fa',1,15000000.00,14900000.00),('0ce7ecce-f450-4fff-bec3-f0511df5d2d4','i25ufVZp','5744474d-453c-42f5-879e-1f41592d04fa',1,15000000.00,14900000.00),('0f25b040-d9bf-4175-ad18-df4d70d70ee1','BslV0iB2','49331ad3-276f-4197-ae42-787459fdc924',1,1000000.00,900000.00),('110dd4ef-4552-4413-a313-7ca8c38b8976','AjrBhLtE','9c1e72a0-cd8f-4dfc-b07b-ecd6f871c3bb',3,15000000.00,14900000.00),('116fb622-d14f-42d2-9931-934992f29e4c','PrQtVWLI','356ccf88-0bd8-4c75-b98d-b93b4eeee297',10,1000000.00,900000.00),('13808c05-8953-4c6a-9118-49e4251237d0','0QmbjKiE','c6c8124b-826b-4cb0-8761-2b5a6afc5f5b',1,5500000.00,5400000.00),('13c2beee-6dbc-4d3a-abab-898736c009a9','NGSNA6JM','a309fa6b-67df-4e95-a1b5-1a2a3733d24d',1,15000000.00,14900000.00),('1554315d-9bb9-4c73-9b1e-a4e4f23f89aa','3vtqUr1v','273b0de6-704e-4b1e-afd9-f800b4a15dd1',1,1000000.00,900000.00),('15583c2d-494b-4082-aabd-5b2275da0f2a','9JTtdULB','b44ceb03-0a4e-448d-9dea-84f8d495c3fa',1,1000000.00,900000.00),('17ebcbdb-039c-473f-b04d-4d6054824e72','mMOGq7jQ','5744474d-453c-42f5-879e-1f41592d04fa',1,15000000.00,14900000.00),('191bdf84-5e1a-4b47-b0e9-e21de7f5f5b2','31QbnqMN','10c381c7-860c-4504-89ae-030baf78ecb1',2,1990000.00,1990000.00),('193ab5f2-0786-4e4b-a416-81e874f3e582','DDoFEp27','8a402050-356e-4a2a-a6f9-ee02364dedca',1,1000000.00,900000.00),('1a3d0a9f-f6f8-4466-a585-fdc48c495764','mMOGq7jQ','9e5fe583-362a-4a2a-bd31-7e8da8228b32',1,8800000.00,8700000.00),('1c47fe2c-3f00-451c-ad7b-f9ed738cf651','NAFMWrzy','5744474d-453c-42f5-879e-1f41592d04fa',1,15000000.00,15000000.00),('1e523888-7421-44c2-8c37-bfa0467cc755','gbzNRS7X','67bb757f-edcb-40fb-a3b6-7a7f5becd728',1,15000000.00,14900000.00),('1fddb4e3-e4ae-47d9-8de6-6ddd23aeb88a','Lw6hIcHk','f6179ce5-fcb7-48b9-a436-81a8178f23d4',1,15000000.00,14900000.00),('20716114-4713-4bc8-bdf1-61f70ed3ad3f','RoGm9fgi','14650e70-4851-4736-abff-2b078b6c783f',1,5990000.00,5990000.00),('21de4bb1-a3d1-4219-b680-62739c4c680b','1ANxkrpC','d674dca5-ca3c-4a76-867c-de8e46a83d48',1,1000000.00,900000.00),('236027f6-658e-4436-a280-17d4acd8d43e','xk9w7J38','b25d2a8b-70e7-4451-8987-b17af4e7e887',1,15000000.00,14900000.00),('25c1dcb5-31e4-4405-a08e-84db539d3788','haafcMbA','86f684ac-a40e-4408-bd4a-9d8eeb436c90',1,5990000.00,5990000.00),('2708d7de-0d04-4122-93eb-fc3ced055c12','kv2O9Qky','f6179ce5-fcb7-48b9-a436-81a8178f23d4',4,15000000.00,14900000.00),('298aeba3-9041-43a8-9409-80f27b37b18b','Gdaj60n2','46ffd4d1-e4d7-4a03-a069-1c217170c5c4',1,15000000.00,14900000.00),('2a69f62d-f28b-4bd1-967c-a2d5c559e31e','m6l0omsz','c7fbfd48-29d3-485a-a1a6-0cf2a0383719',1,5990000.00,5890000.00),('2b95ebc5-6437-42d3-ae2d-c43bf3ef95e3','sBw3TSMH','a309fa6b-67df-4e95-a1b5-1a2a3733d24d',1,15000000.00,15000000.00),('2c05ba24-56d3-49c8-bb7f-50cf2c550e6b','ZCx7Wp9K','49331ad3-276f-4197-ae42-787459fdc924',1,1000000.00,900000.00),('2c4ffd50-f2d1-4e99-b96a-46a2085f1d01','7to0L8AV','a309fa6b-67df-4e95-a1b5-1a2a3733d24d',1,15000000.00,14900000.00),('324033fb-9757-451e-8a22-25c5551a7142','paYs4WTQ','d674dca5-ca3c-4a76-867c-de8e46a83d48',1,1000000.00,900000.00),('37bca6b6-ba8f-481e-a32c-e3e6425f8590','KOjrt3W9','5519b621-811c-4581-8166-60b9bb785f27',2,1000000.00,900000.00),('384cd890-18eb-417a-8f2a-829f0d05fea1','3LVJrdEL','49331ad3-276f-4197-ae42-787459fdc924',1,1000000.00,900000.00),('38a97a44-381a-4e47-8d9e-62f59de6470a','yDCyIyi2','a6afafce-8c3b-4df5-a864-6ab4d24111cc',2,5500000.00,5400000.00),('39b28315-c0c2-4861-b208-7210031babbb','Owv0On6u','c7968fa2-937d-45a3-bef4-b7ffea1272d8',1,15000000.00,14900000.00),('3a11c8ab-70a5-4f61-9e9d-1dad15769c19','DjllNuXc','49331ad3-276f-4197-ae42-787459fdc924',-11,1000000.00,900000.00),('3a702815-5e1c-4d56-b837-63540f71ad5c','hALn3fyI','c49d6625-ec6f-4e11-abb0-e82beaa4fafc',1,2200000.00,2100000.00),('3b427935-b124-4d8a-b9d3-979c3147b539','do2eFLHt','d674dca5-ca3c-4a76-867c-de8e46a83d48',1,1000000.00,900000.00),('3f607e23-4ca6-4314-ab8e-c3faf85c5383','z8EMLCgs','eef01cdd-258e-461f-a42f-3ea6a59bc23b',1,15000000.00,14900000.00),('4010b649-f83b-46c7-8d9c-ceea89908eac','L15Jhg0A','0e3f5ec1-f749-449d-b19a-37d19aa102b2',1,15000000.00,14900000.00),('415bf66b-b479-42f9-a7dd-ecd1622a5a5b','jOPMx6Z7','356ccf88-0bd8-4c75-b98d-b93b4eeee297',-1,1000000.00,900000.00),('41698f10-283b-49ea-b89a-7e0e9f5ec4bd','vVDmhyHb','5519b621-811c-4581-8166-60b9bb785f27',1,1000000.00,900000.00),('41febb44-dafc-4b71-a3ef-07085223edbb','lyufP1Hl','b25d2a8b-70e7-4451-8987-b17af4e7e887',1,15000000.00,14900000.00),('42a500c0-4a09-49cd-8226-d6d78bb5e4b4','k87uCSCH','b25d2a8b-70e7-4451-8987-b17af4e7e887',2,15000000.00,14900000.00),('43af13e2-5893-49eb-9f63-8de656390985','6yYJkPnG','eef01cdd-258e-461f-a42f-3ea6a59bc23b',2,15000000.00,14900000.00),('43f83189-7df4-427c-8e89-bcca53b5afd8','ZCx7Wp9K','5519b621-811c-4581-8166-60b9bb785f27',1,1000000.00,900000.00),('4403c144-ab51-4d18-9522-dfa0cb859e6b','yDCyIyi2','c5ca39d3-c684-4fc3-8c6f-1e1c8e46f8df',2,5500000.00,5400000.00),('440952f2-5974-4367-b0a7-da39d5cb5965','i25ufVZp','9990d5e6-2628-49ab-bceb-7fc4539433ea',1,8800000.00,8700000.00),('441d6756-e4a0-4cbd-9fe4-6e59c96f786b','uupX5NNA','5744474d-453c-42f5-879e-1f41592d04fa',1,15000000.00,14900000.00),('451202df-18ad-44d1-810c-e9b020fe62a3','Hfa60vcR','e366740e-da0e-4fe0-b1ad-2cbd92e5391d',1,5500000.00,5400000.00),('48564849-2778-46d6-9b07-d10d25135f5b','gokc6Dd5','10c381c7-860c-4504-89ae-030baf78ecb1',1,1990000.00,1890000.00),('485c8e94-7941-4ed8-9b36-02031b363a27','BcZXTQxg','5519b621-811c-4581-8166-60b9bb785f27',1,1000000.00,900000.00),('4b7db9c5-fd73-4bf3-ae26-34de092ad210','aNaqwFPI','5519b621-811c-4581-8166-60b9bb785f27',1,1000000.00,900000.00),('4e443353-cbe3-427d-9931-ab6151992f67','MRHt1y0I','9b7449d3-1833-40f7-92e8-8df452441bed',1,2300000.00,2200000.00),('4e518311-05dd-4065-8bb0-200e7509d67e','scWpnZZV','c7fbfd48-29d3-485a-a1a6-0cf2a0383719',1,5990000.00,5890000.00),('4f153a9e-9bc6-4025-b520-31a75bcd1c28','uupX5NNA','14650e70-4851-4736-abff-2b078b6c783f',1,5990000.00,5890000.00),('4ff37949-ea34-4c71-92be-18746afb0ca3','KrhMFV3e','a309fa6b-67df-4e95-a1b5-1a2a3733d24d',1,15000000.00,14900000.00),('50b3e273-af08-4425-bbfa-16d6e7ac406c','OMdVNbCv','c7fbfd48-29d3-485a-a1a6-0cf2a0383719',1,5990000.00,5890000.00),('51599ef7-0fcc-4171-9300-5345afe8ce40','IG0G0JeA','49331ad3-276f-4197-ae42-787459fdc924',1,1000000.00,900000.00),('51603aa0-85d9-427e-8288-e390037023eb','0YH7ze6t','c7968fa2-937d-45a3-bef4-b7ffea1272d8',1,15000000.00,14900000.00),('51912f86-fa22-4321-bdec-c8ec9f1d1b78','BcZXTQxg','54d80056-1fa7-4095-9a5f-0eed84e99747',1,1000000.00,900000.00),('533a12c9-d174-4019-b2ea-520210bd058f','iNuvXUZ6','baeefa4a-38d8-446a-bb05-38b98b2cb32a',2,2200000.00,2100000.00),('55495a25-d755-4a39-b423-d8896f54e4fc','VY1fL9HX','b44ceb03-0a4e-448d-9dea-84f8d495c3fa',1,1000000.00,900000.00),('5677e922-d705-40a3-b7a7-a380c9fddd72','8Ie08pgX','46ffd4d1-e4d7-4a03-a069-1c217170c5c4',1,15000000.00,14900000.00),('5740cfb3-990a-4d2d-b599-fdc7da745595','KGsJptte','8a402050-356e-4a2a-a6f9-ee02364dedca',1,1000000.00,900000.00),('58f69ac0-bd49-4146-8104-c42d7ec793ff','lTcOOSEC','a309fa6b-67df-4e95-a1b5-1a2a3733d24d',1,15000000.00,14900000.00),('5aa4ee1c-e694-49dc-91c9-1cdd89548257','rZHHmqWb','f6179ce5-fcb7-48b9-a436-81a8178f23d4',1,15000000.00,14900000.00),('5c9127ee-7fd6-4108-9645-c7ee949ff678','lKBVPeZS','a7fbdfdf-445d-4e50-b89e-f6d8753f96ed',2,5990000.00,5890000.00),('5d664ba5-e214-4c2e-9157-9c825fde8b7d','6bID3wAd','a309fa6b-67df-4e95-a1b5-1a2a3733d24d',1,15000000.00,14900000.00),('5fd70560-2bdf-4a96-83d5-7267b5591402','mMOGq7jQ','14650e70-4851-4736-abff-2b078b6c783f',1,5990000.00,5890000.00),('6073776b-34d4-454e-b4cc-13e23bb9301e','MalYCt99','46ffd4d1-e4d7-4a03-a069-1c217170c5c4',-1,15000000.00,14900000.00),('60788e80-2721-4aa6-a320-c1d8cf653414','KOjrt3W9','9c1e72a0-cd8f-4dfc-b07b-ecd6f871c3bb',1,15000000.00,14900000.00),('63194c17-cda5-479f-a61c-74ef26792f51','thJwkZSp','273b0de6-704e-4b1e-afd9-f800b4a15dd1',1,1000000.00,900000.00),('659a5c25-77fb-47ee-b410-e70eaa951941','JK9jkxnU','54d80056-1fa7-4095-9a5f-0eed84e99747',1,1000000.00,900000.00),('65c5515d-6be0-47ca-867c-fdfd55a84f4a','SHioILTu','0e3f5ec1-f749-449d-b19a-37d19aa102b2',2,15000000.00,14900000.00),('67257ab5-eca8-4320-b559-c98549d7217f','G9lzFfrO','21cae469-2329-440a-ae9b-eb47059a3855',5,8800000.00,8800000.00),('674d4e3a-f6a6-4fdd-ab1a-bb9f82883e9d','IG0G0JeA','5519b621-811c-4581-8166-60b9bb785f27',1,1000000.00,900000.00),('67840a38-e758-471b-90f3-454918e16bee','Bp6FFczv','8a2b80df-ab00-4e9d-ab24-7eeb6ba86548',1,8800000.00,8700000.00),('68bb49ff-613b-468e-802e-cacdfc631609','0F3QdxiP','5744474d-453c-42f5-879e-1f41592d04fa',1,15000000.00,14900000.00),('68f33225-02ea-4f80-a73e-8988b20cc714','vVDmhyHb','eef01cdd-258e-461f-a42f-3ea6a59bc23b',1,15000000.00,14900000.00),('6a0be5c3-c4c0-4bab-90bf-e8700b3f7749','AQScXBAH','5a4b96b8-058b-4706-9cfa-c5bf4d3588d6',1,1000000.00,900000.00),('6a41693d-f0ea-4485-8e2a-1730a9445660','7to0L8AV','9c1e72a0-cd8f-4dfc-b07b-ecd6f871c3bb',1,15000000.00,14900000.00),('6ba540a5-e222-4612-b8b9-e1a130479bbd','5UB73jcU','a309fa6b-67df-4e95-a1b5-1a2a3733d24d',1,15000000.00,14900000.00),('6d87a3b7-99c5-4693-aa35-33c3b9551414','0F3QdxiP','f6179ce5-fcb7-48b9-a436-81a8178f23d4',1,15000000.00,14900000.00),('6f059764-41f7-49dd-ae9d-3826bc0557b6','kv2O9Qky','46ffd4d1-e4d7-4a03-a069-1c217170c5c4',1,15000000.00,14900000.00),('757c5a52-d525-47b2-8de8-4252ac93385a','AynlfWNz','5744474d-453c-42f5-879e-1f41592d04fa',1,15000000.00,14900000.00),('75b5a90b-7f3e-4334-a5e9-70e1ecb3223d','gbzNRS7X','0e3f5ec1-f749-449d-b19a-37d19aa102b2',1,15000000.00,14900000.00),('7608f076-42cb-4270-8f95-f01acc459af5','MskewocL','2ca209bc-73e6-4607-9566-40acfa6e7ca6',1,1990000.00,1990000.00),('789b171a-5970-42a9-b892-649260cca84e','dKq8AKy0','f6179ce5-fcb7-48b9-a436-81a8178f23d4',2,15000000.00,14900000.00),('78dda88c-156b-4e04-8317-1f6f1ce4ab21','6yYJkPnG','b6467894-2fa8-4d2e-8a71-09455fab055b',2,15000000.00,14900000.00),('7905c6f8-7952-480e-a556-c5d7a65dd865','2E3dYGU1','0100d077-9526-4357-96b9-a9ba8312bd7b',1,15000000.00,15000000.00),('79cb9031-ba89-46fb-8cdc-c22d781dfbc3','k87uCSCH','5744474d-453c-42f5-879e-1f41592d04fa',1,15000000.00,14900000.00),('7ae20c14-1e83-4271-9165-d283e4ea3be0','6fcV02S6','d674dca5-ca3c-4a76-867c-de8e46a83d48',1,1000000.00,900000.00),('7e01c005-be6b-4727-ad9f-49eb7267e88f','DvdzbEIT','0100d077-9526-4357-96b9-a9ba8312bd7b',1,15000000.00,15000000.00),('7eb904cb-0c65-4d19-aa26-df3e47207fac','do2eFLHt','49331ad3-276f-4197-ae42-787459fdc924',1,1000000.00,900000.00),('8086209a-3676-4093-ac8b-2120332e4870','xweA1qNi','67bb757f-edcb-40fb-a3b6-7a7f5becd728',1,15000000.00,14900000.00),('818fa142-84ba-4d1c-8bee-79d96a764894','2Kgwgab3','5519b621-811c-4581-8166-60b9bb785f27',1,1000000.00,900000.00),('8306fb62-ee69-4d55-9764-681230cf55f7','FKFt2Men','5519b621-811c-4581-8166-60b9bb785f27',1,1000000.00,900000.00),('8378bb37-e9c0-4638-bc0a-a353bea42631','s98VEtFd','46ffd4d1-e4d7-4a03-a069-1c217170c5c4',1,15000000.00,14900000.00),('83c0715b-5b3e-4264-a318-877c12b73a60','UFxopyIK','46ffd4d1-e4d7-4a03-a069-1c217170c5c4',1,15000000.00,14900000.00),('84b39332-0568-434e-9d36-b002685ffa95','iNuvXUZ6','c49d6625-ec6f-4e11-abb0-e82beaa4fafc',2,2200000.00,2100000.00),('84c005f3-a114-4124-aa8d-c65d503854c1','Xf5Jpn9T','c7968fa2-937d-45a3-bef4-b7ffea1272d8',1,15000000.00,14900000.00),('85627a98-f4b2-487a-90bd-e32f4317159a','Bp6FFczv','9990d5e6-2628-49ab-bceb-7fc4539433ea',1,8800000.00,8700000.00),('85a65d33-d339-4dc2-a949-e703cea9bca5','239LZ3Tt','c7fbfd48-29d3-485a-a1a6-0cf2a0383719',1,5990000.00,5890000.00),('862957f5-283f-4f91-8188-043425566775','m6l0omsz','a7fbdfdf-445d-4e50-b89e-f6d8753f96ed',1,5990000.00,5890000.00),('86c814cd-3fbd-4bf0-bdc0-64407292014f','hALn3fyI','b44ceb03-0a4e-448d-9dea-84f8d495c3fa',1,1000000.00,900000.00),('86ce9675-e223-4d1c-b576-cd93c95e3e48','zQ4JeRiY','b44ceb03-0a4e-448d-9dea-84f8d495c3fa',1,1000000.00,900000.00),('88a74500-e219-4abf-9ee6-ae24073a9d08','o9vUGGYh','b6467894-2fa8-4d2e-8a71-09455fab055b',1,15000000.00,14900000.00),('88d28b27-93f8-472c-bc51-3d86b30bccbd','4GKBJaaO','a309fa6b-67df-4e95-a1b5-1a2a3733d24d',1,15000000.00,14900000.00),('898e5ac9-1a18-488e-abbe-b7e16be57567','0DgX9gKQ','0100d077-9526-4357-96b9-a9ba8312bd7b',2,15000000.00,15000000.00),('8c7cebea-c224-495e-8229-cd0bb2d7b1a4','6fcV02S6','b6467894-2fa8-4d2e-8a71-09455fab055b',1,15000000.00,14900000.00),('8da8418c-d20c-41af-bc7b-e1f3927a372f','wCOrkLtt','54d80056-1fa7-4095-9a5f-0eed84e99747',1,1000000.00,900000.00),('8e57a3bd-d1f5-41a3-9764-0d6499f38975','O0EasbK0','7a00be48-ec2d-406a-9408-0a287180703b',1,2300000.00,2200000.00),('8fa624fb-e842-4c78-9c23-12406c35aa79','ZzxXAcWh','a309fa6b-67df-4e95-a1b5-1a2a3733d24d',1,15000000.00,14900000.00),('8fa930f8-0fda-4426-98d4-7b1810e26ca8','mOH5yJtO','49331ad3-276f-4197-ae42-787459fdc924',1,1000000.00,1000000.00),('92306902-c0b3-4d3a-99ff-5348c3f5c284','il3Zic1s','5a4b96b8-058b-4706-9cfa-c5bf4d3588d6',1,1000000.00,900000.00),('9254366a-ef1e-4c8e-bf13-69532af47f1a','ZrTyj3kV','eef01cdd-258e-461f-a42f-3ea6a59bc23b',2,15000000.00,14900000.00),('9330a15e-7d39-43e3-ad23-ca3e68508221','0F3QdxiP','b25d2a8b-70e7-4451-8987-b17af4e7e887',1,15000000.00,14900000.00),('933c008f-bc3a-4cfd-97a4-350f8fa8b5fc','FKFt2Men','49331ad3-276f-4197-ae42-787459fdc924',1,1000000.00,900000.00),('93a1d68d-b756-4bd4-90e1-9ab9cbe089d1','uISnI8xi','273b0de6-704e-4b1e-afd9-f800b4a15dd1',1,1000000.00,1000000.00),('958e1d14-9ef8-4d89-8950-c01f1b638425','SSQpbmiP','f6179ce5-fcb7-48b9-a436-81a8178f23d4',1,15000000.00,14900000.00),('97d63db0-1ea1-4374-bc5b-2ab951c64df3','ke5aCGaV','b25d2a8b-70e7-4451-8987-b17af4e7e887',1,15000000.00,14900000.00),('97fa532f-06a8-489b-a9d8-a9cac98c4778','aw1SOUHt','a309fa6b-67df-4e95-a1b5-1a2a3733d24d',1,15000000.00,14900000.00),('98978dd4-cdd7-45cd-87f8-4cef6f687083','dKq8AKy0','5744474d-453c-42f5-879e-1f41592d04fa',2,15000000.00,14900000.00),('998d31cd-0970-4b9c-bd2c-39e5fdf4715c','ke5aCGaV','b25d2a8b-70e7-4451-8987-b17af4e7e887',1,15000000.00,14900000.00),('9a9c4bd5-cbc9-401b-8313-01f82210faaf','9fDyqKTw','adf2a699-1a9a-421e-80a0-a55709b8d55e',1,5990000.00,5890000.00),('9bb97905-203d-4557-af65-dec97e90c8d7','9JTtdULB','ad717fd1-044d-466b-8928-ea65c2ac08e2',1,1000000.00,900000.00),('9d073390-073d-402d-a52c-983f898af800','XuqlcfFU','d674dca5-ca3c-4a76-867c-de8e46a83d48',1,1000000.00,1000000.00),('9d98995b-047b-4f28-948d-93a0860252e4','zQ4JeRiY','c7968fa2-937d-45a3-bef4-b7ffea1272d8',3,15000000.00,14900000.00),('9ddb3bc1-7338-419f-bf96-8b12155b3e96','9MFZheJT','67bb757f-edcb-40fb-a3b6-7a7f5becd728',1,15000000.00,14900000.00),('9f8c1aff-0fb1-4f36-b0c5-a3adabeb4e47','Ml3GTeyc','b25d2a8b-70e7-4451-8987-b17af4e7e887',1,15000000.00,14900000.00),('a0995203-5814-4dad-8ef0-bf36a73d6c70','6MigUgeG','d674dca5-ca3c-4a76-867c-de8e46a83d48',1,1000000.00,900000.00),('a0bc3a1c-f6ac-46d4-a81e-e31466dcca90','85vSjD6d','356ccf88-0bd8-4c75-b98d-b93b4eeee297',1,1000000.00,900000.00),('a37759f0-29d1-45de-90cc-4e81dfebc8be','zQ4JeRiY','b6467894-2fa8-4d2e-8a71-09455fab055b',1,15000000.00,14900000.00),('a45acffc-9e3e-433a-9a39-823092a0ceeb','SHioILTu','5744474d-453c-42f5-879e-1f41592d04fa',2,15000000.00,14900000.00),('a48f4315-7fa0-4e1f-b5c7-5a5e7381db00','9MFZheJT','0e3f5ec1-f749-449d-b19a-37d19aa102b2',2,15000000.00,14900000.00),('a4ef4b7b-d892-4654-8957-d3a8d6435449','Hfa60vcR','fb25f52b-c522-4e63-90e1-6533bf720138',1,5500000.00,5500000.00),('a59d02aa-9392-4114-b1d6-50d179390081','xH73e0f3','10c381c7-860c-4504-89ae-030baf78ecb1',1,1990000.00,1990000.00),('a6708ad2-5276-4bfc-b6cf-e8516d057693','jPCgPFO8','0ca192bc-0420-41e8-96a3-3182ab351d88',1,15000000.00,15000000.00),('a75f7b21-1152-4709-91b0-fedbda4bc7cc','7l3YZKsf','b54be636-62ad-487d-a9bb-845032b02be3',1,2200000.00,2100000.00),('a9a89282-b569-495c-b47a-36bf9592a82d','AjrBhLtE','9a923f08-ae10-468f-b406-47da683891a8',10,15000000.00,14900000.00),('aaef88a6-513b-4fdb-a032-082c7d31f715','NY97dZs1','e6bb15f4-12cd-4f39-9bc9-efd0958382b7',1,2300000.00,2200000.00),('ae769da4-ba06-4a59-90bb-2789903a9ed5','4GKBJaaO','5a4b96b8-058b-4706-9cfa-c5bf4d3588d6',1,1000000.00,900000.00),('af9a7cc4-53d0-42fb-9aa8-a219604cb502','1ANxkrpC','5744474d-453c-42f5-879e-1f41592d04fa',1,15000000.00,14900000.00),('afbf1a74-9fe2-4ded-aaf6-e24e57b611bd','gbzNRS7X','c7968fa2-937d-45a3-bef4-b7ffea1272d8',1,15000000.00,14900000.00),('b0d4275c-71a3-4f44-bdad-d88137789ea5','59hqK5c8','d674dca5-ca3c-4a76-867c-de8e46a83d48',1,1000000.00,900000.00),('b136a0f3-7db8-49f8-8141-57506db5ff0f','4QHjussR','46ffd4d1-e4d7-4a03-a069-1c217170c5c4',1,15000000.00,14900000.00),('b31715bb-059a-4b9f-a214-662b0356e0ba','6bID3wAd','5a4b96b8-058b-4706-9cfa-c5bf4d3588d6',1,1000000.00,900000.00),('b679f976-8001-4ded-8b01-ad2e2768db45','3vtqUr1v','adf2a699-1a9a-421e-80a0-a55709b8d55e',1,5990000.00,5890000.00),('b6cd1c3f-1be6-426d-a5b7-91d841edfa37','vfnfaghY','f6179ce5-fcb7-48b9-a436-81a8178f23d4',1,15000000.00,14900000.00),('b75516af-2353-4e11-b2f1-d2d8fa171643','otdcccIN','273b0de6-704e-4b1e-afd9-f800b4a15dd1',5,1000000.00,900000.00),('bad8089c-64c3-4da6-8dcc-7fd2e4e495c9','vVDmhyHb','49331ad3-276f-4197-ae42-787459fdc924',1,1000000.00,900000.00),('bafb9858-ee2b-4801-b593-59dbc47a9c79','mMOGq7jQ','b54be636-62ad-487d-a9bb-845032b02be3',1,2200000.00,2100000.00),('bb464324-be94-4017-8310-735265927d85','snOE6UvP','eef01cdd-258e-461f-a42f-3ea6a59bc23b',2,15000000.00,14900000.00),('bc0050aa-ec9f-4b78-881f-ff07be55ad87','cdYmdWGO','5744474d-453c-42f5-879e-1f41592d04fa',1,15000000.00,14900000.00),('bc259251-15eb-43a9-88b1-e07e6cfe6845','Mo4pEYGR','8a402050-356e-4a2a-a6f9-ee02364dedca',1,1000000.00,900000.00),('bc4dd1ba-cfad-4045-a8b9-48d0e67cd14e','3vFqaWvO','0b546155-9f67-4b6e-81d3-6324c0868684',1,2300000.00,2300000.00),('bd109538-664a-4efe-9463-24912ba4dc29','xBKycuea','0100d077-9526-4357-96b9-a9ba8312bd7b',6,15000000.00,14900000.00),('be2c2be9-40e9-4497-9d00-3d339d2adc64','s9hYcexp','c7968fa2-937d-45a3-bef4-b7ffea1272d8',1,15000000.00,14900000.00),('bf640108-9b18-4002-aac8-11c8276e6f68','239LZ3Tt','7313e96d-df6a-4e89-a05c-3cbe6520b2ae',1,5500000.00,5500000.00),('bf8bde75-a5ef-4b45-b81d-4a2a90b1bb83','JJ70G0ki','911a425a-2eae-4b94-a5c5-5b4ae6465e8f',1,5990000.00,5990000.00),('c3a5f196-e490-4186-bcd2-8beb0874029a','vMzx9tWU','54d80056-1fa7-4095-9a5f-0eed84e99747',1,1000000.00,1000000.00),('c5297261-f0ae-4118-b406-79373e2c4268','aGQIgT7d','b6467894-2fa8-4d2e-8a71-09455fab055b',1,15000000.00,14900000.00),('c70044cc-8a66-4fb7-a811-bb71d500e940','m99NNaDa','c7968fa2-937d-45a3-bef4-b7ffea1272d8',1,15000000.00,14900000.00),('c73bad26-9fec-4181-8a4d-a3989abe4aeb','hALn3fyI','54d80056-1fa7-4095-9a5f-0eed84e99747',1,1000000.00,900000.00),('c759b9c9-6a3f-4859-8565-49021654fd5f','GBeuqP8m','d674dca5-ca3c-4a76-867c-de8e46a83d48',1,1000000.00,900000.00),('c7b6f1ed-7eab-4288-9b6a-a67a8b7191cf','GBeuqP8m','46ffd4d1-e4d7-4a03-a069-1c217170c5c4',1,15000000.00,14900000.00),('c7e29e65-9e7e-4b76-aabd-4e5909fc3cb2','AjrBhLtE','e05bfad2-49b0-4f1b-8acf-0971c92d4d22',1,15000000.00,14900000.00),('c81b7516-5c02-4fca-8ac1-96913d650da0','HNudLxJ8','742ceb2f-1c5b-4edc-908c-d17c67dcd184',1,5990000.00,5890000.00),('c90afb3a-574d-49cc-88b4-686b2c1fe12f','Uazhj0Cq','0b546155-9f67-4b6e-81d3-6324c0868684',1,2300000.00,2300000.00),('ca37160f-ee48-4ba8-b3f3-8ab8af7ff8bb','rkt1AdNK','a309fa6b-67df-4e95-a1b5-1a2a3733d24d',1,15000000.00,14900000.00),('cb0d92cb-3351-4b59-9c2b-f1eee2c7a043','DQ3r7nU1','54d80056-1fa7-4095-9a5f-0eed84e99747',1,1000000.00,1000000.00),('cc741c93-aeb2-47f7-b584-1239219aec48','EOceaC8Y','8a2b80df-ab00-4e9d-ab24-7eeb6ba86548',1,8800000.00,8700000.00),('d0c90cd1-8487-4d43-86a9-e807a4a17940','AQScXBAH','a309fa6b-67df-4e95-a1b5-1a2a3733d24d',1,15000000.00,14900000.00),('d14da22d-d05f-4e23-8cf0-9fc9109289e1','8lM8UFoW','9c1e72a0-cd8f-4dfc-b07b-ecd6f871c3bb',1,15000000.00,14900000.00),('d2304c9b-fc3e-4998-88ef-489abbe6e910','m6l0omsz','b6467894-2fa8-4d2e-8a71-09455fab055b',1,15000000.00,14900000.00),('d513808b-1a9b-4167-a709-a619355e4dbb','LreD94Xb','b44ceb03-0a4e-448d-9dea-84f8d495c3fa',1,1000000.00,900000.00),('d53d4ad9-1141-42ee-a120-9e4af65e1078','VY1fL9HX','ad717fd1-044d-466b-8928-ea65c2ac08e2',1,1000000.00,900000.00),('d549a16a-9fdd-4bee-a609-acaecc39bc22','6fcV02S6','5519b621-811c-4581-8166-60b9bb785f27',1,1000000.00,900000.00),('d6238a80-61b2-4475-8454-b29b0eee0235','I8rCoptB','b6467894-2fa8-4d2e-8a71-09455fab055b',1,15000000.00,14900000.00),('d656445c-5824-48be-b9c6-1e6f01e45756','aw1SOUHt','5a4b96b8-058b-4706-9cfa-c5bf4d3588d6',2,1000000.00,900000.00),('d77e4ef3-0338-48e3-aec2-a665ff488fb6','MRHt1y0I','837fd0fe-d60b-4183-af7f-a363b40e34c8',1,2300000.00,2200000.00),('d7f570d9-72f3-4aa6-bf7f-5777976a0a9d','KOjrt3W9','c7968fa2-937d-45a3-bef4-b7ffea1272d8',1,15000000.00,14900000.00),('da56d89e-86bf-4a92-88b2-75672c0228c3','lyufP1Hl','5744474d-453c-42f5-879e-1f41592d04fa',2,15000000.00,14900000.00),('ddd66541-510f-445d-8155-2ed79f76eccc','otdcccIN','e05bfad2-49b0-4f1b-8acf-0971c92d4d22',9,15000000.00,14900000.00),('deccacfd-7895-41a2-a1fc-e7f61717589a','lTcOOSEC','5a4b96b8-058b-4706-9cfa-c5bf4d3588d6',1,1000000.00,900000.00),('e051fe28-fafd-49f8-80f4-d35caa3c6d06','LreD94Xb','49331ad3-276f-4197-ae42-787459fdc924',1,1000000.00,900000.00),('e13e2d8f-4c4a-4046-aace-25d32a0b1307','sVunvFpZ','f6179ce5-fcb7-48b9-a436-81a8178f23d4',1,15000000.00,14900000.00),('e15dd442-f382-4e0a-b08a-52166e3c308a','6FhcyhyK','0ca192bc-0420-41e8-96a3-3182ab351d88',1,15000000.00,15000000.00),('e2811282-d2cf-42b2-a61c-718d3daaaf28','teT8qKo2','a309fa6b-67df-4e95-a1b5-1a2a3733d24d',1,15000000.00,14900000.00),('e2f01dfc-dc8b-4d89-b4a7-15fd13b490cd','Lw6hIcHk','b6467894-2fa8-4d2e-8a71-09455fab055b',1,15000000.00,14900000.00),('e3881af8-543b-4619-a55d-41d2620733f0','7QPMpmYZ','eef01cdd-258e-461f-a42f-3ea6a59bc23b',1,15000000.00,14900000.00),('e452c3c3-5152-46c9-91b4-120bcabe1fc4','FG3MXPe9','d674dca5-ca3c-4a76-867c-de8e46a83d48',2,1000000.00,900000.00),('e48a10a5-701b-482b-8913-5692a3313b29','SO8yGpDq','0e3f5ec1-f749-449d-b19a-37d19aa102b2',1,15000000.00,14900000.00),('e55d7a14-0633-425f-a140-338f2dcd3b19','FG3MXPe9','49331ad3-276f-4197-ae42-787459fdc924',2,1000000.00,900000.00),('e742536f-6174-4254-a376-36582718b3d3','0Je2gJVf','49331ad3-276f-4197-ae42-787459fdc924',1,1000000.00,900000.00),('e851e42c-37e9-489d-8592-152293bd213a','wTKxOAI7','54d80056-1fa7-4095-9a5f-0eed84e99747',1,1000000.00,900000.00),('e8f284c1-25fa-4ae7-880a-5a8aab015200','O0EasbK0','9b7449d3-1833-40f7-92e8-8df452441bed',1,2300000.00,2200000.00),('ebb61346-8c85-4605-afd7-9ae4fea62d02','EOceaC8Y','b25d2a8b-70e7-4451-8987-b17af4e7e887',1,15000000.00,14900000.00),('ec9e29d0-1b7f-434e-b553-7fbf4da1622f','Xy1lscMw','eef01cdd-258e-461f-a42f-3ea6a59bc23b',1,15000000.00,14900000.00),('ed2821e3-52a6-477b-84a3-d63207d5e4b7','DbYkRMCT','5519b621-811c-4581-8166-60b9bb785f27',1,1000000.00,1000000.00),('ed5bb1b9-35df-4660-89c3-b47db3d3530a','tHEsQ06y','9c1e72a0-cd8f-4dfc-b07b-ecd6f871c3bb',1,15000000.00,14900000.00),('ee6a614c-fbdc-4c1c-bf0d-42ebc050fb92','2oHSh0Ml','46ffd4d1-e4d7-4a03-a069-1c217170c5c4',1,15000000.00,14900000.00),('efb47e9b-89c2-456c-bd28-e492fc26d1f0','0FSvng3E','1717713d-6003-41ac-b551-684890c5f541',1,15000000.00,15000000.00),('f1bebd89-34f0-4085-9b3b-b406f9d8e02a','7to0L8AV','eef01cdd-258e-461f-a42f-3ea6a59bc23b',1,15000000.00,14900000.00),('f1ef1efa-604d-4fca-9d98-2ba1d88de421','KOjrt3W9','c7fbfd48-29d3-485a-a1a6-0cf2a0383719',1,5990000.00,5890000.00),('f27daccb-606f-415a-ad6d-9ced02629d55','6t7xnpYb','5744474d-453c-42f5-879e-1f41592d04fa',1,15000000.00,15000000.00),('f5f7a7f9-15b6-477c-8f1e-64cefeef9f27','6MigUgeG','5744474d-453c-42f5-879e-1f41592d04fa',1,15000000.00,14900000.00),('f6b9378c-d051-4ee6-ac90-4a398b807a3d','pIyvGOzj','8a402050-356e-4a2a-a6f9-ee02364dedca',1,1000000.00,1000000.00),('f8505e85-ca73-47c5-b6a9-55c48c5216da','cdYmdWGO','9990d5e6-2628-49ab-bceb-7fc4539433ea',1,8800000.00,8700000.00),('f8edf8f0-6cf2-4ab0-82a3-f9d5d0b9ccf5','v8eX102H','5a4b96b8-058b-4706-9cfa-c5bf4d3588d6',1,1000000.00,900000.00),('f953d7ff-f941-4f1f-8808-b313becae07f','j2mn0fc4','b25d2a8b-70e7-4451-8987-b17af4e7e887',1,15000000.00,15000000.00),('f96e50b3-492c-4c76-a3e0-b8a5e664b158','T9CWm9w4','0e3f5ec1-f749-449d-b19a-37d19aa102b2',1,15000000.00,14900000.00),('fa373dbf-9b54-40c5-8e8c-4e0cae091c2f','3wiy6p99','273b0de6-704e-4b1e-afd9-f800b4a15dd1',4,1000000.00,1000000.00),('ffd57e8b-ef9f-43cc-9c02-47bd7c3b2e46','gpk1t6KT','0cd471d4-228d-4840-96f2-f58605e72403',1,1000000.00,1000000.00);
/*!40000 ALTER TABLE `chitietdonhang` ENABLE KEYS */;
UNLOCK TABLES;

--
-- Table structure for table `chitietsanpham`
--

DROP TABLE IF EXISTS `chitietsanpham`;
/*!40101 SET @saved_cs_client     = @@character_set_client */;
/*!50503 SET character_set_client = utf8mb4 */;
CREATE TABLE `chitietsanpham` (
  `id` varchar(36) NOT NULL DEFAULT (uuid()),
  `SanPham` varchar(36) DEFAULT NULL,
  `size` float DEFAULT NULL,
  `SoLuong` bigint DEFAULT NULL,
  `TrangThai` bit(1) DEFAULT NULL,
  `ngaytao` datetime(6) DEFAULT NULL,
  `ngaycapnhap` datetime(6) DEFAULT NULL,
  PRIMARY KEY (`id`),
  KEY `CTSP_SanPham_idx` (`SanPham`),
  KEY `CTSP_Size_idx` (`size`),
  CONSTRAINT `CTSP_SanPham` FOREIGN KEY (`SanPham`) REFERENCES `sanpham` (`Ma`) ON DELETE CASCADE ON UPDATE CASCADE,
  CONSTRAINT `CTSP_Size` FOREIGN KEY (`size`) REFERENCES `size` (`Ma`) ON DELETE SET NULL ON UPDATE CASCADE,
  CONSTRAINT `FK22ehihg5i83q8ifbpp3gbj890` FOREIGN KEY (`SanPham`) REFERENCES `sanpham` (`Ma`) ON UPDATE CASCADE,
  CONSTRAINT `FK5k4j7pstdofbkd6lna7hs0qnd` FOREIGN KEY (`size`) REFERENCES `size` (`Ma`) ON UPDATE CASCADE
) ENGINE=InnoDB DEFAULT CHARSET=utf8mb4 COLLATE=utf8mb4_0900_ai_ci;
/*!40101 SET character_set_client = @saved_cs_client */;

--
-- Dumping data for table `chitietsanpham`
--

LOCK TABLES `chitietsanpham` WRITE;
/*!40000 ALTER TABLE `chitietsanpham` DISABLE KEYS */;
INSERT INTO `chitietsanpham` VALUES ('0100d077-9526-4357-96b9-a9ba8312bd7b','3',42,0,_binary '','2024-06-02 22:00:59.551000','2024-06-10 21:13:23.834000'),('0b546155-9f67-4b6e-81d3-6324c0868684','7',NULL,29,_binary '\0','2024-06-02 19:12:04.428000','2024-06-02 21:44:06.507000'),('0ca192bc-0420-41e8-96a3-3182ab351d88','4',NULL,8,_binary '\0','2024-06-02 18:47:07.367000','2024-06-02 19:32:09.753000'),('0cd471d4-228d-4840-96f2-f58605e72403','1',NULL,9,_binary '\0','2024-06-02 18:29:47.900000','2024-06-02 18:30:24.285000'),('0e3f5ec1-f749-449d-b19a-37d19aa102b2','4',44,4,_binary '','2024-06-13 21:12:42.832000','2024-06-25 18:56:59.232000'),('0e528e56-7ea4-4c87-a8f6-a3aaed0d885f','5',43,10,_binary '','2024-06-13 21:13:01.560000','2024-06-13 21:13:01.560000'),('10c381c7-860c-4504-89ae-030baf78ecb1','CV1',44,11,_binary '','2024-06-02 22:00:12.226000','2024-06-12 21:25:30.485000'),('1386c55d-1342-4244-b0b1-40c5023cea7d','NIKE2',39,10,_binary '','2024-06-17 16:43:07.041000','2024-06-17 16:43:07.041000'),('14650e70-4851-4736-abff-2b078b6c783f','D1',39,17,_binary '','2024-06-02 22:01:21.090000','2024-06-25 18:57:09.898000'),('16dc19e4-cf35-4056-8092-8a519f4ca2fd','5',40,10,_binary '','2024-06-13 21:13:01.529000','2024-06-13 21:13:01.529000'),('1717713d-6003-41ac-b551-684890c5f541','3',NULL,10,_binary '\0','2024-06-02 18:46:03.031000','2024-06-02 23:38:13.352000'),('1aed270d-3a57-4418-aa95-fab69b89b789','7',36,10,_binary '','2024-06-13 21:13:27.555000','2024-06-13 21:13:27.555000'),('21cae469-2329-440a-ae9b-eb47059a3855','8',NULL,15,_binary '\0','2024-06-02 21:30:36.218000','2024-06-02 21:43:04.891000'),('24221c8e-f656-4b32-ae06-0c918b87e85c','8',37,10,_binary '','2024-06-13 21:13:44.028000','2024-06-13 21:13:44.028000'),('24871287-e502-465a-bdd6-2c838169c54c','CV1',39,15,_binary '','2024-06-02 22:00:12.140000','2024-06-02 22:00:12.140000'),('24b1c863-760c-4867-aeda-89c1e52f4054','NIKE2',36,10,_binary '','2024-06-17 16:43:07.006000','2024-06-17 16:43:07.006000'),('273b0de6-704e-4b1e-afd9-f800b4a15dd1','1',37,8,_binary '','2024-06-02 21:52:18.955000','2024-07-07 21:49:38.028000'),('2ca209bc-73e6-4607-9566-40acfa6e7ca6','CV1',36,14,_binary '','2024-06-02 22:00:12.074000','2024-06-04 20:23:01.453000'),('3123b012-176b-4618-bf18-d81f81163ca1','6',44,10,_binary '','2024-06-13 21:13:14.277000','2024-06-13 21:13:14.277000'),('33fbeb0d-099e-4b93-84f8-60fdce590207','NIKE2',42,10,_binary '','2024-06-17 16:43:07.070000','2024-06-17 16:43:07.070000'),('356ccf88-0bd8-4c75-b98d-b93b4eeee297','1',35,150,_binary '','2024-06-02 21:52:18.931000','2024-07-07 21:59:46.983000'),('35d35500-6676-4a25-8f10-ea58c567f2fd','D1',41,20,_binary '','2024-06-02 22:01:21.109000','2024-06-02 22:01:21.109000'),('46ffd4d1-e4d7-4a03-a069-1c217170c5c4','4',39,3,_binary '','2024-06-13 21:12:42.783000','2024-06-17 21:47:15.600000'),('49331ad3-276f-4197-ae42-787459fdc924','1',38,11,_binary '','2024-06-02 21:52:18.965000','2024-07-07 21:59:46.991000'),('54d80056-1fa7-4095-9a5f-0eed84e99747','1',41,2,_binary '','2024-06-02 21:52:18.993000','2024-07-07 21:43:00.146000'),('5519b621-811c-4581-8166-60b9bb785f27','1',39,0,_binary '','2024-06-02 21:52:18.975000','2024-06-02 21:52:18.975000'),('5596938d-e4ce-4234-9573-e3c493fa37c6','7',41,10,_binary '','2024-06-13 21:13:27.601000','2024-06-13 21:13:27.601000'),('55f628ba-5898-48fe-ac38-e33391bf4531','9',38,15,_binary '','2024-06-13 21:13:59.130000','2024-06-13 21:13:59.130000'),('5744474d-453c-42f5-879e-1f41592d04fa','3',40,0,_binary '','2024-06-02 22:00:59.502000','2024-07-08 12:51:50.953000'),('58e7d777-1b01-4433-8241-b97b90e998f6','6',40,10,_binary '','2024-06-13 21:13:14.242000','2024-06-13 21:13:14.242000'),('5a4b96b8-058b-4706-9cfa-c5bf4d3588d6','1',36,4,_binary '','2024-06-02 21:52:18.943000','2024-06-02 21:52:18.943000'),('5baa9767-c3a3-4eaa-8dc0-ed45ae2b5c66','NIKE2',38,10,_binary '','2024-06-17 16:43:07.032000','2024-06-17 16:43:07.032000'),('5dd4d91f-3578-417a-8a4b-274fc7985278','8',39,10,_binary '','2024-06-13 21:13:44.047000','2024-06-13 21:13:44.047000'),('654726b6-e703-4132-bfbb-18572905a64f','8',36,10,_binary '','2024-06-13 21:13:44.017000','2024-06-13 21:13:44.017000'),('666288ff-a31d-4c3c-b63e-10abc9e0ecbd','9',43,15,_binary '','2024-06-13 21:13:59.174000','2024-06-13 21:13:59.174000'),('67bb757f-edcb-40fb-a3b6-7a7f5becd728','4',43,7,_binary '','2024-06-13 21:12:42.820000','2024-06-13 21:12:42.820000'),('68f4a969-a18c-498c-926a-1786dd08b113','5',35,10,_binary '','2024-06-13 21:13:01.471000','2024-06-13 21:13:01.471000'),('6bb3972b-7542-4a8b-bd1f-59a31611860c','D1',37,20,_binary '','2024-06-02 22:01:21.060000','2024-06-02 22:01:21.060000'),('7313e96d-df6a-4e89-a05c-3cbe6520b2ae','5',38,9,_binary '','2024-06-13 21:13:01.513000','2024-07-08 12:40:28.114000'),('742ceb2f-1c5b-4edc-908c-d17c67dcd184','D1',44,19,_binary '','2024-06-02 22:01:21.144000','2024-06-02 22:01:21.144000'),('7a00be48-ec2d-406a-9408-0a287180703b','7',43,9,_binary '','2024-06-13 21:13:27.619000','2024-06-13 21:13:27.619000'),('7bfdd117-2303-4d7f-a60e-e5a8afe432b0','8',44,10,_binary '','2024-06-13 21:13:44.093000','2024-06-13 21:13:44.093000'),('7f6a2a7c-f472-458f-99c0-1fdabbad95a0','CV1',40,15,_binary '','2024-06-02 22:00:12.161000','2024-06-02 22:00:12.161000'),('7fc02952-bf34-4669-bb63-dc73c61ce9d5','9',40,15,_binary '','2024-06-13 21:13:59.148000','2024-06-13 21:13:59.147000'),('8338d624-c5a6-4aa2-b374-4587cffa7e8d','9',37,15,_binary '','2024-06-13 21:13:59.119000','2024-06-13 21:13:59.119000'),('837fd0fe-d60b-4183-af7f-a363b40e34c8','7',44,9,_binary '','2024-06-13 21:13:27.627000','2024-06-13 21:13:27.627000'),('8585bdf0-b3b1-440d-a4d8-892991649fda','6',39,10,_binary '','2024-06-13 21:13:14.232000','2024-06-13 21:13:14.232000'),('86f684ac-a40e-4408-bd4a-9d8eeb436c90','D1',36,19,_binary '','2024-06-02 22:01:21.041000','2024-06-04 20:23:34.456000'),('8a2b80df-ab00-4e9d-ab24-7eeb6ba86548','8',41,8,_binary '','2024-06-13 21:13:44.070000','2024-06-13 21:13:44.070000'),('8a402050-356e-4a2a-a6f9-ee02364dedca','1',42,6,_binary '','2024-06-02 21:52:19.005000','2024-06-02 21:52:19.005000'),('911a425a-2eae-4b94-a5c5-5b4ae6465e8f','D1',43,20,_binary '','2024-06-02 22:01:21.137000','2024-06-04 20:35:35.132000'),('976bdb82-9147-49b4-b005-644455ec8a7d','9',36,15,_binary '','2024-06-13 21:13:59.107000','2024-06-13 21:13:59.107000'),('98668e3e-132d-4815-a6a2-e49a4113622b','7',38,10,_binary '','2024-06-13 21:13:27.579000','2024-06-13 21:13:27.579000'),('98af758d-f2c4-4e5e-99d9-d59c85df0cef','CV1',42,15,_binary '','2024-06-02 22:00:12.193000','2024-06-02 22:00:12.193000'),('98ff7818-11db-43d7-92b7-ff02f00acd7d','6',43,10,_binary '','2024-06-13 21:13:14.266000','2024-06-13 21:13:14.266000'),('9990d5e6-2628-49ab-bceb-7fc4539433ea','8',42,8,_binary '','2024-06-13 21:13:44.078000','2024-06-13 21:13:44.078000'),('9a923f08-ae10-468f-b406-47da683891a8','4',36,0,_binary '','2024-06-13 21:12:42.761000','2024-06-14 03:47:09.489000'),('9b7449d3-1833-40f7-92e8-8df452441bed','7',42,8,_binary '','2024-06-13 21:13:27.614000','2024-06-13 21:13:27.614000'),('9c1e72a0-cd8f-4dfc-b07b-ecd6f871c3bb','4',41,3,_binary '','2024-06-13 21:12:42.805000','2024-06-14 03:47:09.494000'),('9e5fe583-362a-4a2a-bd31-7e8da8228b32','8',40,10,_binary '','2024-06-13 21:13:44.057000','2024-06-25 18:57:09.889000'),('9e7192ba-01e7-48a7-b227-ff7f7b450c88','5',44,10,_binary '','2024-06-13 21:13:01.567000','2024-06-13 21:13:01.567000'),('9f9d1c33-ad86-4b08-92c0-a575e4c75deb','NIKE2',43,10,_binary '','2024-06-17 16:43:07.080000','2024-06-17 16:43:07.080000'),('a0c225ca-366c-4b53-a1b5-17aab48f4e3e','CV1',38,15,_binary '','2024-06-02 22:00:12.119000','2024-06-02 22:00:12.119000'),('a309fa6b-67df-4e95-a1b5-1a2a3733d24d','3',41,0,_binary '','2024-06-02 22:00:59.529000','2024-06-04 20:29:34.223000'),('a6afafce-8c3b-4df5-a864-6ab4d24111cc','6',41,10,_binary '','2024-06-13 21:13:14.253000','2024-06-25 18:56:53.817000'),('a7cbf1e6-1263-44de-9a4d-007629430613','9',39,15,_binary '','2024-06-13 21:13:59.138000','2024-06-13 21:13:59.138000'),('a7fbdfdf-445d-4e50-b89e-f6d8753f96ed','D1',38,17,_binary '','2024-06-02 22:01:21.072000','2024-06-02 22:01:21.072000'),('abfff46d-0642-48e3-80e1-c483425a7f43','NIKE2',35,10,_binary '','2024-06-17 16:43:06.991000','2024-06-17 16:43:06.991000'),('ad717fd1-044d-466b-8928-ea65c2ac08e2','1',44,8,_binary '','2024-06-02 21:52:19.023000','2024-06-02 21:52:19.023000'),('adf2a699-1a9a-421e-80a0-a55709b8d55e','D1',42,18,_binary '','2024-06-02 22:01:21.123000','2024-06-02 22:01:21.123000'),('af74c8a1-5e2c-426d-8da1-ee90b0066631','NIKE2',41,10,_binary '','2024-06-17 16:43:07.060000','2024-06-17 16:43:07.060000'),('b25d2a8b-70e7-4451-8987-b17af4e7e887','3',39,3,_binary '','2024-06-02 22:00:59.473000','2024-07-08 12:51:50.945000'),('b44ceb03-0a4e-448d-9dea-84f8d495c3fa','1',43,6,_binary '','2024-06-02 21:52:19.016000','2024-06-25 18:57:03.850000'),('b54be636-62ad-487d-a9bb-845032b02be3','9',41,14,_binary '','2024-06-13 21:13:59.157000','2024-06-25 18:57:09.905000'),('b6467894-2fa8-4d2e-8a71-09455fab055b','4',40,1,_binary '','2024-06-13 21:12:42.793000','2024-07-07 21:44:26.306000'),('b78a490b-9eb0-4d13-97e9-297e26e203b9','7',37,10,_binary '','2024-06-13 21:13:27.566000','2024-06-13 21:13:27.566000'),('b97ab6c3-712e-421d-af86-7b0771572b41','8',38,10,_binary '','2024-06-13 21:13:44.040000','2024-06-13 21:13:44.040000'),('b99e1b4f-c8f3-4669-8a51-b5a488b0f7f5','8',35,10,_binary '','2024-06-13 21:13:44.010000','2024-06-13 21:13:44.010000'),('b9bc5769-f49d-4be8-9031-a2e94b712524','5',36,10,_binary '','2024-06-13 21:13:01.489000','2024-06-13 21:13:01.489000'),('baeefa4a-38d8-446a-bb05-38b98b2cb32a','9',44,13,_binary '','2024-06-13 21:13:59.187000','2024-06-13 21:13:59.187000'),('bedcc118-cc8e-4507-90e1-3bf5e7bdc42f','8',43,10,_binary '','2024-06-13 21:13:44.084000','2024-06-13 21:13:44.084000'),('c131141a-3671-46f2-89df-c94c39e8f214','6',38,10,_binary '','2024-06-13 21:13:14.221000','2024-06-13 21:13:14.221000'),('c381bbd3-072f-4b2b-94f7-f99120e4e390','CV1',35,15,_binary '','2024-06-02 22:00:12.059000','2024-06-02 22:00:12.059000'),('c49d6625-ec6f-4e11-abb0-e82beaa4fafc','9',42,12,_binary '','2024-06-13 21:13:59.167000','2024-06-13 21:13:59.167000'),('c576a1b8-47f4-439f-b511-21f3a817bc0d','NIKE2',44,10,_binary '','2024-06-17 16:43:07.090000','2024-06-17 16:43:07.090000'),('c5ca39d3-c684-4fc3-8c6f-1e1c8e46f8df','6',42,10,_binary '','2024-06-13 21:13:14.259000','2024-06-25 18:56:53.824000'),('c6c8124b-826b-4cb0-8761-2b5a6afc5f5b','6',37,9,_binary '','2024-06-13 21:13:14.196000','2024-06-13 21:13:14.196000'),('c732b3e3-8387-431e-b0c5-a99fb23b8717','5',39,10,_binary '','2024-06-13 21:13:01.520000','2024-06-13 21:13:01.520000'),('c7968fa2-937d-45a3-bef4-b7ffea1272d8','3',43,0,_binary '','2024-06-02 22:00:59.576000','2024-06-02 22:00:59.576000'),('c7fbfd48-29d3-485a-a1a6-0cf2a0383719','D1',40,15,_binary '','2024-06-02 22:01:21.101000','2024-06-02 22:01:21.101000'),('c9fdad3d-7c22-4fe5-8b0f-bca24f7bfceb','CV1',37,15,_binary '','2024-06-02 22:00:12.095000','2024-06-02 22:00:12.095000'),('cb880c58-fe19-4d6c-80fa-801f7220f1b5','CV1',43,15,_binary '','2024-06-02 22:00:12.208000','2024-06-02 22:00:12.208000'),('d0d2ba4f-70a0-4ad7-8661-0218b3f5288d','7',39,10,_binary '','2024-06-13 21:13:27.587000','2024-06-13 21:13:27.587000'),('d49f761e-f074-490f-96b4-3d0cf55498bf','NIKE2',40,10,_binary '','2024-06-17 16:43:07.052000','2024-06-17 16:43:07.052000'),('d674dca5-ca3c-4a76-867c-de8e46a83d48','1',40,3,_binary '','2024-06-02 21:52:18.986000','2024-06-25 18:57:01.440000'),('d67ed65c-c702-4e7a-b067-4406190ca1fd','NIKE2',37,10,_binary '','2024-06-17 16:43:07.021000','2024-06-17 16:43:07.021000'),('e05bfad2-49b0-4f1b-8acf-0971c92d4d22','4',38,0,_binary '','2024-06-13 21:12:42.777000','2024-06-14 03:47:09.492000'),('e27f9006-fd7f-4e3c-a7e6-9c5c9e9ca8dd','4',35,0,_binary '','2024-06-13 21:12:42.728000','2024-06-14 03:47:09.480000'),('e366740e-da0e-4fe0-b1ad-2cbd92e5391d','5',41,9,_binary '','2024-06-13 21:13:01.543000','2024-06-13 21:13:01.543000'),('e6bb15f4-12cd-4f39-9bc9-efd0958382b7','7',40,9,_binary '','2024-06-13 21:13:27.594000','2024-06-13 21:13:27.594000'),('e8cb137c-e451-4793-91ec-99408a0507aa','5',42,10,_binary '','2024-06-13 21:13:01.552000','2024-07-07 17:57:50.429000'),('eef01cdd-258e-461f-a42f-3ea6a59bc23b','4',42,1,_binary '','2024-06-13 21:12:42.813000','2024-06-13 21:12:42.813000'),('f36f2c57-b62a-4326-b4c7-003b051e3e13','CV1',41,15,_binary '','2024-06-02 22:00:12.177000','2024-06-02 22:00:12.177000'),('f6179ce5-fcb7-48b9-a436-81a8178f23d4','4',37,0,_binary '','2024-06-13 21:12:42.772000','2024-06-25 18:56:56.395000'),('fb25f52b-c522-4e63-90e1-6533bf720138','5',37,9,_binary '','2024-06-13 21:13:01.500000','2024-07-08 12:40:28.088000');
/*!40000 ALTER TABLE `chitietsanpham` ENABLE KEYS */;
UNLOCK TABLES;

--
-- Table structure for table `danhsachyeuthich`
--

DROP TABLE IF EXISTS `danhsachyeuthich`;
/*!40101 SET @saved_cs_client     = @@character_set_client */;
/*!50503 SET character_set_client = utf8mb4 */;
CREATE TABLE `danhsachyeuthich` (
  `id` varchar(255) NOT NULL,
  `SanPham` varchar(50) DEFAULT NULL,
  `KhachHang` varchar(20) DEFAULT NULL,
  PRIMARY KEY (`id`),
  KEY `DSYT_SanPham_idx` (`SanPham`),
  KEY `DSYT_KhachHang_idx` (`KhachHang`),
  CONSTRAINT `DSYT_KhachHang` FOREIGN KEY (`KhachHang`) REFERENCES `khachhang` (`username`) ON DELETE CASCADE ON UPDATE CASCADE,
  CONSTRAINT `DSYT_SanPham` FOREIGN KEY (`SanPham`) REFERENCES `sanpham` (`Ma`) ON DELETE CASCADE ON UPDATE CASCADE
) ENGINE=InnoDB DEFAULT CHARSET=utf8mb4 COLLATE=utf8mb4_0900_ai_ci;
/*!40101 SET character_set_client = @saved_cs_client */;

--
-- Dumping data for table `danhsachyeuthich`
--

LOCK TABLES `danhsachyeuthich` WRITE;
/*!40000 ALTER TABLE `danhsachyeuthich` DISABLE KEYS */;
INSERT INTO `danhsachyeuthich` VALUES ('13ee74c7-821c-48d7-b846-78b46142964e','CONVERSE','khach1'),('2cd25d9a-3fbb-4768-bd89-68dc2d4c0457','1','thanh0209'),('340e9f97-c3d3-4fdf-9574-7a4a003cf11b','2222','Tuan'),('5dbd215d-3e1b-437b-8f49-21ac83df07b5','CONVERSE','Tuan'),('74b3d162-42e8-46d8-b4fc-7d7f35502727','8','thanh0209'),('9f830782-0948-489f-a03b-44dcad5264c2','124','Tuan'),('b636b43a-0be6-4db2-9762-76e34d7a6211','124','khach1'),('d1b88d00-2cef-4c27-a001-70e650c15239','123','Tuan'),('d62dd3c3-e259-4a29-b9d8-5471d954011e','1','huykh'),('feca9be1-447f-40d7-963d-a617294eacc2','4','huykh');
/*!40000 ALTER TABLE `danhsachyeuthich` ENABLE KEYS */;
UNLOCK TABLES;

--
-- Table structure for table `diachi`
--

DROP TABLE IF EXISTS `diachi`;
/*!40101 SET @saved_cs_client     = @@character_set_client */;
/*!50503 SET character_set_client = utf8mb4 */;
CREATE TABLE `diachi` (
  `id` bigint NOT NULL AUTO_INCREMENT,
  `KhachHang` varchar(20) DEFAULT NULL,
  `ThanhPhoCode` int DEFAULT NULL,
  `QuanHuyenCode` int DEFAULT NULL,
  `xaphuongCode` varchar(255) DEFAULT NULL,
  `diachichitiet` varchar(255) DEFAULT NULL,
  `thanhphoname` varchar(255) DEFAULT NULL,
  `quanhuyenname` varchar(255) DEFAULT NULL,
  `xaphuongName` varchar(255) DEFAULT NULL,
  `email` varchar(255) DEFAULT NULL,
  `sodienthoai` varchar(255) DEFAULT NULL,
  `tennguoinhan` varchar(255) DEFAULT NULL,
  `macDinh` bit(1) DEFAULT NULL,
  PRIMARY KEY (`id`),
  KEY `DiaChi_KhachHang_idx` (`KhachHang`),
  CONSTRAINT `DiaChi_KhachHang` FOREIGN KEY (`KhachHang`) REFERENCES `khachhang` (`username`) ON DELETE CASCADE ON UPDATE CASCADE
) ENGINE=InnoDB AUTO_INCREMENT=16 DEFAULT CHARSET=utf8mb4 COLLATE=utf8mb4_0900_ai_ci;
/*!40101 SET character_set_client = @saved_cs_client */;

--
-- Dumping data for table `diachi`
--

LOCK TABLES `diachi` WRITE;
/*!40000 ALTER TABLE `diachi` DISABLE KEYS */;
/*!40000 ALTER TABLE `diachi` ENABLE KEYS */;
UNLOCK TABLES;

--
-- Table structure for table `dongsanpham`
--

DROP TABLE IF EXISTS `dongsanpham`;
/*!40101 SET @saved_cs_client     = @@character_set_client */;
/*!50503 SET character_set_client = utf8mb4 */;
CREATE TABLE `dongsanpham` (
  `id` varchar(36) NOT NULL DEFAULT (uuid()),
  `ten` varchar(255) DEFAULT NULL,
  `ThuongHieu` varchar(36) DEFAULT NULL,
  `ngaytao` datetime(6) DEFAULT NULL,
  `ngaycapnhat` datetime(6) DEFAULT NULL,
  PRIMARY KEY (`id`),
  KEY `FK2g9isxcw3ry0tpkusv9f7crsx` (`ThuongHieu`),
  CONSTRAINT `DongSP_ThuongHieu` FOREIGN KEY (`ThuongHieu`) REFERENCES `thuonghieu` (`id`) ON DELETE CASCADE ON UPDATE CASCADE,
  CONSTRAINT `FK2g9isxcw3ry0tpkusv9f7crsx` FOREIGN KEY (`ThuongHieu`) REFERENCES `thuonghieu` (`id`)
) ENGINE=InnoDB DEFAULT CHARSET=utf8mb4 COLLATE=utf8mb4_0900_ai_ci;
/*!40101 SET character_set_client = @saved_cs_client */;

--
-- Dumping data for table `dongsanpham`
--

LOCK TABLES `dongsanpham` WRITE;
/*!40000 ALTER TABLE `dongsanpham` DISABLE KEYS */;
INSERT INTO `dongsanpham` VALUES ('0ae4cdfc-1345-4502-af87-5cf78121ef4b','Hàng fake 1:1','27296473-9fb6-44ac-b61f-21ed97fa4b62','2024-06-02 21:55:59.395000','2024-06-02 21:55:59.395000'),('1717f56c-7ce9-4900-9260-5d9ad6c5631d','Chinh Hãng','a0caa4a1-d76c-411e-8d73-fd345c9fad80','2024-06-02 21:30:02.284000','2024-06-02 21:30:02.284000'),('21ea9295-1521-4044-bc82-51eb74cf2550','Hàng mẫu','ed4e0553-e93f-4490-af2b-4612537f43c0','2024-06-02 18:28:02.169000','2024-06-02 18:28:02.169000'),('2e8b8906-75df-4b65-b335-88b317c8bd08','Chính Hãng','6ce98e5a-d01b-412c-81a9-6cd0adfddc25','2024-06-02 19:01:01.022000','2024-06-02 19:01:01.022000'),('433870a7-2bf5-4fe3-93c5-ef483a587715','Phổ Thông','ed4e0553-e93f-4490-af2b-4612537f43c0','2024-06-02 18:27:11.143000','2024-06-02 18:27:11.143000'),('4a907d0d-7ef5-47e8-b5b0-91061002fe5e','Chính Hãng','95d7f1c8-e27c-4681-b6ad-547b4054b54e','2024-06-02 19:46:36.982000','2024-06-02 19:46:36.982000'),('60723f4e-83c1-4406-8b38-bad5deacb52e','Limited','ed4e0553-e93f-4490-af2b-4612537f43c0','2024-06-02 18:27:46.350000','2024-06-02 18:27:46.350000'),('7030780c-240b-49d4-bc04-6325e75d5aab','Chính Hãng','8c56dc79-4d9e-4716-a425-8d7ccedd8832','2024-06-02 18:37:21.518000','2024-06-02 18:37:21.518000'),('73de8410-89e0-4af5-9844-ff1393603f80','Cao Cấp','ed4e0553-e93f-4490-af2b-4612537f43c0','2024-06-02 18:27:26.035000','2024-06-02 18:27:26.035000'),('9c64c14f-bac3-45c5-a256-55a1f37ce903','Chính Hãng','2066d25f-d081-4018-a432-bf50157df6f4','2024-06-02 18:37:49.428000','2024-06-02 18:37:49.428000'),('e6564813-1932-4f6a-8b4d-dd269346fd1d','Chính Hàng','27296473-9fb6-44ac-b61f-21ed97fa4b62','2024-06-02 21:55:41.676000','2024-06-02 21:55:41.676000'),('ed282eeb-7d33-46d5-8337-e2c880068dfe','Rep 1:1','6ce98e5a-d01b-412c-81a9-6cd0adfddc25','2024-06-02 19:01:29.815000','2024-06-02 19:01:29.815000');
/*!40000 ALTER TABLE `dongsanpham` ENABLE KEYS */;
UNLOCK TABLES;

--
-- Table structure for table `donhang`
--

DROP TABLE IF EXISTS `donhang`;
/*!40101 SET @saved_cs_client     = @@character_set_client */;
/*!50503 SET character_set_client = utf8mb4 */;
CREATE TABLE `donhang` (
  `Ma` varchar(50) NOT NULL,
  `KhachHang` varchar(20) DEFAULT NULL,
  `Voucher` varchar(36) DEFAULT NULL,
  `tennguoinhan` varchar(255) DEFAULT NULL,
  `sodienthoai` varchar(255) DEFAULT NULL,
  `email` varchar(255) DEFAULT NULL,
  `thanhpho_name` varchar(255) DEFAULT NULL,
  `ThanhPho_Code` int DEFAULT NULL,
  `quanhuyen_name` varchar(255) DEFAULT NULL,
  `QuanHuyen_Code` int DEFAULT NULL,
  `xaphuong_name` varchar(255) DEFAULT NULL,
  `xaphuong_Code` varchar(255) DEFAULT NULL,
  `diachichitiet` varchar(255) DEFAULT NULL,
  `ngaydathang` datetime(6) DEFAULT NULL,
  `trangthai` int DEFAULT NULL,
  `ghichu` varchar(255) DEFAULT NULL,
  `tiengiam` decimal(38,2) DEFAULT NULL,
  `phigiaohang` decimal(38,2) DEFAULT NULL,
  `phuongThucThanhToan` bit(1) DEFAULT NULL,
  `lyDoHuy` varchar(255) DEFAULT NULL,
  `maGiaoDich` varchar(45) DEFAULT NULL,
  `ngayxacnhan` datetime(6) DEFAULT NULL,
  `ngaygiaohang` datetime(6) DEFAULT NULL,
  `ngayhoanthanh` datetime(6) DEFAULT NULL,
  `ngayhuy` datetime(6) DEFAULT NULL,
  `loai` int NOT NULL DEFAULT '0',
  `nhanvien` varchar(45) DEFAULT NULL,
  `lyDoThayDoi` varchar(255) DEFAULT NULL,
  `lyDoTraHang` varchar(255) DEFAULT NULL,
  `ngayTraHang` varchar(255) DEFAULT NULL,
  `ngayHoanHang` datetime DEFAULT NULL,
  `trangThaiHoan` int DEFAULT NULL,
  PRIMARY KEY (`Ma`),
  KEY `DonHang_Voucher_idx` (`Voucher`),
  KEY `DonHang_KhachHang_idx` (`KhachHang`),
  KEY `DonHang_NhanVien_idx` (`nhanvien`),
  CONSTRAINT `DonHang_KhachHang` FOREIGN KEY (`KhachHang`) REFERENCES `khachhang` (`username`) ON UPDATE CASCADE,
  CONSTRAINT `DonHang_NhanVien` FOREIGN KEY (`nhanvien`) REFERENCES `nhanvien` (`username`),
  CONSTRAINT `DonHang_Voucher` FOREIGN KEY (`Voucher`) REFERENCES `voucher` (`Ma`) ON UPDATE CASCADE
) ENGINE=InnoDB DEFAULT CHARSET=utf8mb4 COLLATE=utf8mb4_0900_ai_ci;
/*!40101 SET character_set_client = @saved_cs_client */;

--
-- Dumping data for table `donhang`
--

LOCK TABLES `donhang` WRITE;
/*!40000 ALTER TABLE `donhang` DISABLE KEYS */;
INSERT INTO `donhang` VALUES ('0DgX9gKQ',NULL,NULL,'NV Mạnh','0326518233',NULL,'a',1,'a',1,'a','12','a','2024-06-02 23:36:54.940000',8,NULL,0.00,0.00,_binary '',NULL,NULL,NULL,NULL,NULL,NULL,1,'tranquocthanh',NULL,NULL,NULL,NULL,NULL),('0F3QdxiP','huytest',NULL,'huya','0987878787','windosi.pimm@mail.com','Hưng Yên',268,'Huyện Phù Cừ',2194,'Xã Tam Đa','220711','huysession','2024-06-25 20:28:36.221000',4,NULL,0.00,34000.00,_binary '',NULL,NULL,NULL,NULL,'2024-07-08 12:37:46.614000',NULL,0,NULL,NULL,NULL,NULL,NULL,NULL),('0FSvng3E',NULL,NULL,'NV Dat','0537254861',NULL,'a',1,'a',1,'a','12','a','2024-06-02 19:15:54.187000',0,NULL,0.00,0.00,_binary '','Muốn đổi mẫu',NULL,NULL,NULL,NULL,'2024-06-02 23:38:13.316000',1,'tranquocthanh',NULL,NULL,NULL,NULL,NULL),('0Je2gJVf',NULL,NULL,'Trần Quốc Thành','0388700177','quocthanh2929@gmail.com','Hà Nội',201,'Quận Nam Từ Liêm',3440,'Phường Cầu Diễn','13001','199 phú diễn','2024-06-10 20:16:39.380000',2,NULL,0.00,21000.00,_binary '',NULL,NULL,NULL,NULL,NULL,NULL,0,NULL,NULL,NULL,NULL,NULL,NULL),('0QmbjKiE','huytest',NULL,'huya','0987878787','windosi.pimm@mail.com','Hậu Giang',250,'Thị xã Long Mỹ',3218,'Xã Long Trị A','640808','huysession','2024-06-23 15:47:50.320000',2,NULL,0.00,29000.00,_binary '',NULL,NULL,NULL,NULL,NULL,NULL,0,NULL,NULL,NULL,NULL,NULL,NULL),('0YH7ze6t','huytest',NULL,'huya','0987878787','windosi.pimm@mail.com','Cao Bằng',246,'Huyện Trà Lĩnh',3305,'Xã Quốc Toản','60508','huy','2024-06-23 12:28:39.169000',2,NULL,0.00,34000.00,_binary '',NULL,NULL,NULL,NULL,NULL,NULL,0,NULL,NULL,NULL,NULL,NULL,NULL),('103zLxQr','huytest',NULL,'huya','0987878787','windosi.pimm@mail.com','Điện Biên',265,'Huyện Nậm Pồ',2179,'Xã Phìn Hồ','621013','huysession','2024-06-25 18:19:00.308000',2,NULL,0.00,29000.00,_binary '',NULL,NULL,NULL,NULL,NULL,NULL,0,NULL,NULL,NULL,NULL,NULL,NULL),('1ANxkrpC','huytest',NULL,'huya','0987878787','windosi.pimm@mail.com','Hậu Giang',250,'Thị xã Long Mỹ',3218,'Xã Long Trị','640807','huysession','2024-06-25 13:40:10.473000',2,NULL,0.00,29000.00,_binary '',NULL,NULL,NULL,NULL,NULL,NULL,0,NULL,NULL,NULL,NULL,NULL,NULL),('239LZ3Tt','huytest',NULL,'huya','0987878787','windosi.pimm@mail.com','Hưng Yên',268,'Huyện Văn Giang',2045,'Xã Phụng Công','221007','huysession','2024-06-27 11:03:53.657000',7,'chọn ngu vl',0.00,34000.00,_binary '',NULL,NULL,NULL,NULL,NULL,NULL,0,NULL,NULL,NULL,NULL,NULL,NULL),('2E3dYGU1','0388700177',NULL,'Trần Quốc Thành','0388700177',NULL,'a',1,'a',1,'a','12','a','2024-06-04 20:34:42.904000',1,NULL,0.00,0.00,_binary '',NULL,NULL,NULL,NULL,NULL,NULL,1,'tranquocthanh','dep',NULL,NULL,'2024-07-06 17:29:32',NULL),('2g6ezaDF','huykh',NULL,'huy','0987878787','windosi.pimm@mail.com','Bắc Ninh',249,'Huyện Lương Tài',1969,'Xã Trừng Xá','190814','test','2024-06-22 21:32:28.620000',2,NULL,0.00,34000.00,_binary '',NULL,NULL,NULL,NULL,NULL,NULL,0,NULL,NULL,NULL,NULL,NULL,NULL),('2Kgwgab3',NULL,NULL,'huya','0987878787','windosi.pimm@mail.com','Bắc Ninh',249,'Huyện Lương Tài',1969,'Xã Trung Kênh','190813','huysessionAll','2024-06-25 12:33:47.719000',2,NULL,0.00,34000.00,_binary '',NULL,NULL,NULL,NULL,NULL,NULL,0,NULL,NULL,NULL,NULL,NULL,NULL),('2oHSh0Ml',NULL,NULL,'huya1234555666','0987878787','windosi.pimm@mail.com','Hưng Yên',268,'Huyện Văn Giang',2045,'Xã Nghĩa Trụ','221006','huysession','2024-06-27 17:31:41.951000',4,NULL,0.00,34000.00,_binary '',NULL,NULL,'2024-07-07 21:27:17.718000','2024-07-07 21:27:20.339000','2024-07-07 21:27:22.606000',NULL,0,NULL,NULL,NULL,NULL,NULL,NULL),('31QbnqMN',NULL,NULL,'Trần văn sơn','0537252812',NULL,'a',1,'a',1,'a','12','a','2024-06-02 22:03:43.589000',6,NULL,0.00,0.00,_binary '',NULL,NULL,NULL,NULL,NULL,NULL,1,'tranquocthanh','xấu',NULL,NULL,'2024-07-06 20:00:55',NULL),('3LVJrdEL',NULL,NULL,'huya','0987878787','windosi.pimm@mail.com','Lào Cai',269,'Huyện Bảo Thắng',2073,'Xã Xuân Giao','80414','test','2024-06-22 21:56:31.485000',2,NULL,0.00,34000.00,_binary '',NULL,NULL,NULL,NULL,NULL,NULL,0,NULL,NULL,NULL,NULL,NULL,NULL),('3vFqaWvO',NULL,NULL,'Bảo Thi','0536282517',NULL,'a',1,'a',1,'a','12','a','2024-06-02 19:13:48.943000',5,NULL,0.00,0.00,_binary '',NULL,NULL,NULL,NULL,NULL,NULL,1,'tranquocthanh',NULL,NULL,NULL,NULL,NULL),('3vtqUr1v','huytest',NULL,'huya','0987878787','windosi.pimm@mail.com','Hưng Yên',268,'Huyện Văn Giang',2045,'Xã Tân Tiến','221008','huysession','2024-06-27 11:09:04.399000',4,NULL,0.00,34000.00,_binary '',NULL,NULL,'2024-07-08 12:31:31.799000','2024-07-08 12:31:36.543000','2024-07-08 12:31:38.936000',NULL,0,NULL,NULL,NULL,NULL,NULL,NULL),('3wiy6p99','0388700177',NULL,'Trần Quốc Thành','0388700177',NULL,'a',1,'a',1,'a','12','a','2024-06-02 23:37:13.220000',1,NULL,0.00,0.00,_binary '\0',NULL,NULL,NULL,NULL,NULL,NULL,1,'tranquocthanh','chat',NULL,NULL,'2024-07-06 17:40:22',NULL),('4GKBJaaO','huytest',NULL,'huya','0987878787','windosi.pimm@mail.com','Lào Cai',269,'Huyện Văn Bàn',2043,'Xã Văn Sơn','80622','huysessionAll','2024-06-25 13:28:57.359000',2,NULL,0.00,34000.00,_binary '',NULL,NULL,NULL,NULL,NULL,NULL,0,NULL,NULL,NULL,NULL,NULL,NULL),('4QHjussR','huytest',NULL,'huya','0987878787','windosi.pimm@mail.com','Hậu Giang',250,'Huyện Châu Thành',2096,'Xã Phú An','64057','huysession','2024-06-23 15:03:25.614000',2,NULL,0.00,39001.00,_binary '',NULL,NULL,NULL,NULL,NULL,NULL,0,NULL,NULL,NULL,NULL,NULL,NULL),('55MwfZwH','huytest',NULL,'huya','0987878787','windosi.pimm@mail.com','Lào Cai',269,'Huyện Si Ma Cai',2264,'Xã Quan Thần Sán','80209','test','2024-06-22 21:49:42.647000',2,NULL,0.00,34000.00,_binary '',NULL,NULL,NULL,NULL,NULL,NULL,0,NULL,NULL,NULL,NULL,NULL,NULL),('59hqK5c8','huytest',NULL,'huya','0987878787','windosi.pimm@mail.com','Lào Cai',269,'Huyện Si Ma Cai',2264,'Xã Thào Chư Phìn','80213','test','2024-06-22 21:52:29.862000',2,NULL,0.00,34000.00,_binary '',NULL,NULL,NULL,NULL,NULL,NULL,0,NULL,NULL,NULL,NULL,NULL,NULL),('5o9ZNNZ5','huytest',NULL,'huya','0987878787','windosi.pimm@mail.com','Hậu Giang',250,'Thị xã Long Mỹ',3218,'Xã Long Trị','640807','huysession','2024-06-25 18:10:25.750000',2,NULL,0.00,29000.00,_binary '',NULL,NULL,NULL,NULL,NULL,NULL,0,NULL,NULL,NULL,NULL,NULL,NULL),('5UB73jcU','huytest',NULL,'huya','0987878787','windosi.pimm@mail.com','Bắc Ninh',249,'Thị xã Thuận Thành',1767,'Xã Đại Đồng Thành','190603','huysessionAll','2024-06-25 12:28:10.262000',2,NULL,0.00,29000.00,_binary '',NULL,NULL,NULL,NULL,NULL,NULL,0,NULL,NULL,NULL,NULL,NULL,NULL),('6bID3wAd','huytest',NULL,'huya','0987878787','windosi.pimm@mail.com','Lào Cai',269,'Huyện Mường Khương',2171,'Xã Thanh Bình','80915','huysessionAll','2024-06-25 13:12:29.587000',2,NULL,0.00,34000.00,_binary '',NULL,NULL,NULL,NULL,NULL,NULL,0,NULL,NULL,NULL,NULL,NULL,NULL),('6fcV02S6','huytest',NULL,'huya','0987878787','windosi.pimm@mail.com','Cao Bằng',246,'Huyện Trà Lĩnh',3305,'Xã Quang Vinh','60507','huy','2024-06-23 00:09:09.313000',2,NULL,0.00,0.00,_binary '',NULL,NULL,NULL,NULL,NULL,NULL,0,NULL,NULL,NULL,NULL,NULL,NULL),('6FhcyhyK','0388700177',NULL,'Trần Quốc Thành','0388700177',NULL,'a',1,'a',1,'a','12','a','2024-06-02 19:32:09.726000',4,NULL,0.00,0.00,_binary '',NULL,NULL,NULL,NULL,NULL,NULL,1,'tranquocthanh',NULL,NULL,NULL,NULL,NULL),('6MigUgeG','huytest',NULL,'huya','0987878787','windosi.pimm@mail.com','Hậu Giang',250,'Thị xã Long Mỹ',3218,'Xã Long Trị','640807','huysession','2024-06-25 13:40:10.469000',2,NULL,0.00,29000.00,_binary '',NULL,NULL,NULL,NULL,NULL,NULL,0,NULL,NULL,NULL,NULL,NULL,NULL),('6t7xnpYb','huytest',NULL,'huya','0987878787','windosi.pimm@mail.com','Hưng Yên',268,'Huyện Văn Lâm',2046,'Xã Việt Hưng','220911','huysession','2024-06-27 15:32:51.903000',4,NULL,0.00,34000.00,_binary '',NULL,NULL,NULL,NULL,'2024-07-08 12:52:57.853000',NULL,0,NULL,NULL,NULL,NULL,NULL,1),('6yYJkPnG','huytest',NULL,'huya','0987878787','windosi.pimm@mail.com','Điện Biên',265,'Huyện Điện Biên Đông',2123,'Xã Pú Hồng','620711','huysession','2024-06-25 18:17:38.748000',2,NULL,0.00,34000.00,_binary '',NULL,NULL,NULL,NULL,NULL,NULL,0,NULL,NULL,NULL,NULL,NULL,NULL),('7l3YZKsf','huytest',NULL,'huya','0987878787','windosi.pimm@mail.com','Cao Bằng',246,'Huyện Trà Lĩnh',3305,'Xã Quang Vinh','60507','huy','2024-06-23 13:32:18.545000',2,NULL,0.00,34000.00,_binary '',NULL,NULL,NULL,NULL,NULL,NULL,0,NULL,NULL,NULL,NULL,NULL,NULL),('7QPMpmYZ','huytest',NULL,'huya','0987878787','windosi.pimm@mail.com','Hòa Bình',267,'Huyện Lạc Sơn',2156,'Xã Yên Nghiệp','230528','huy','2024-06-23 17:23:59.943000',2,NULL,0.00,34000.00,_binary '',NULL,NULL,NULL,NULL,NULL,NULL,0,NULL,NULL,NULL,NULL,NULL,NULL),('7to0L8AV','huytest',NULL,'huya','0987878787','windosi.pimm@mail.com','Hòa Bình',267,'Huyện Mai Châu',2163,'Xã Đồng Tân','800052','huya','2024-06-23 17:15:57.140000',2,NULL,0.00,34000.00,_binary '',NULL,NULL,NULL,NULL,NULL,NULL,0,NULL,NULL,NULL,NULL,NULL,NULL),('85vSjD6d',NULL,NULL,'huya','0987878787','windosi.pimm@mail.com','Hưng Yên',268,'Huyện Văn Lâm',2046,'Xã Trưng Trắc','220910','huysession','2024-06-27 11:10:22.732000',2,NULL,0.00,34000.00,_binary '',NULL,NULL,NULL,NULL,NULL,NULL,0,NULL,NULL,NULL,NULL,NULL,NULL),('8Ie08pgX','huytest',NULL,'huya','0987878787','windosi.pimm@mail.com','Hậu Giang',250,'Huyện Long Mỹ',3445,'Xã Vĩnh Viễn','640306','huysessionAll','2024-06-23 19:43:24.592000',2,NULL,0.00,39001.00,_binary '',NULL,NULL,NULL,NULL,NULL,NULL,0,NULL,NULL,NULL,NULL,NULL,NULL),('8lM8UFoW','huytest',NULL,'huya','0987878787','windosi.pimm@mail.com','Bắc Giang',248,'Huyện Yên Thế',1765,'Xã Bố Hạ','180204','huy','2024-06-22 23:05:45.159000',2,NULL,0.00,34000.00,_binary '',NULL,NULL,NULL,NULL,NULL,NULL,0,NULL,NULL,NULL,NULL,NULL,NULL),('9fDyqKTw','huytest',NULL,'huya','0987878787','windosi.pimm@mail.com','Hòa Bình',267,'Huyện Lạc Sơn',2156,'Xã Yên Nghiệp','230528','huya','2024-06-23 16:02:01.563000',2,NULL,0.00,34000.00,_binary '',NULL,NULL,NULL,NULL,NULL,NULL,0,NULL,NULL,NULL,NULL,NULL,NULL),('9JTtdULB','huytest',NULL,'huya','0987878787','windosi.pimm@mail.com','Hưng Yên',268,'Huyện Phù Cừ',2194,'Xã Tống Trân','220714','huysession','2024-06-25 19:52:30.563000',2,NULL,0.00,34000.00,_binary '',NULL,NULL,NULL,NULL,NULL,NULL,0,NULL,NULL,NULL,NULL,NULL,NULL),('9MFZheJT',NULL,NULL,'huya','0987878787','windosi.pimm@mail.com','Hưng Yên',268,'Huyện Phù Cừ',2194,'Xã Tiền Tiến','220712','huysession','2024-06-27 17:09:58.205000',4,NULL,0.00,34000.00,_binary '',NULL,NULL,'2024-07-07 21:28:54.504000','2024-07-07 21:28:58.508000','2024-07-07 21:29:01.656000',NULL,0,NULL,NULL,NULL,NULL,NULL,NULL),('aGQIgT7d','huytest',NULL,'huya','0987878787','windosi.pimm@mail.com','Hòa Bình',267,'Huyện Mai Châu',2163,'Xã Nong Luông','230312','huy','2024-06-23 17:42:30.072000',2,NULL,0.00,34000.00,_binary '',NULL,NULL,NULL,NULL,NULL,NULL,0,NULL,NULL,NULL,NULL,NULL,NULL),('AjrBhLtE','0388700177',NULL,'Trần Quốc Thành','0388700177',NULL,'a',1,'a',1,'a','12','a','2024-06-14 03:47:09.426000',5,NULL,0.00,0.00,_binary '',NULL,NULL,NULL,NULL,NULL,NULL,1,'tranquocthanh',NULL,NULL,NULL,NULL,NULL),('aNaqwFPI','huytest',NULL,'huyatetsmuangay','0987878787','windosi.pimm@mail.com','Hậu Giang',250,'Thành phố Ngã Bảy',1823,'Phường Ngã Bảy','640703','huysession','2024-06-23 15:48:36.362000',2,NULL,0.00,39001.00,_binary '',NULL,NULL,NULL,NULL,NULL,NULL,0,NULL,NULL,NULL,NULL,NULL,NULL),('AQScXBAH','huytest',NULL,'huya','0987878787','windosi.pimm@mail.com','Lào Cai',269,'Huyện Văn Bàn',2043,'Xã Văn Sơn','80622','huysessionAll','2024-06-25 13:28:57.359000',2,NULL,0.00,34000.00,_binary '',NULL,NULL,NULL,NULL,NULL,NULL,0,NULL,NULL,NULL,NULL,NULL,NULL),('aw1SOUHt','huytest',NULL,'huya','0987878787','windosi.pimm@mail.com','Lào Cai',269,'Huyện Bảo Thắng',2073,'Xã Xuân Quang','80415','huysessionAll','2024-06-25 13:13:17.794000',2,NULL,0.00,34000.00,_binary '',NULL,NULL,NULL,NULL,NULL,NULL,0,NULL,NULL,NULL,NULL,NULL,NULL),('AynlfWNz',NULL,NULL,'huya','0987878787','windosi.pimm@mail.com','Hưng Yên',268,'Huyện Văn Giang',2045,'Xã Vĩnh Khúc','221010','huysession','2024-06-27 10:34:46.299000',2,NULL,0.00,34000.00,_binary '',NULL,NULL,NULL,NULL,NULL,NULL,0,NULL,NULL,NULL,NULL,NULL,NULL),('BcZXTQxg','huytest',NULL,'huya','0987878787','windosi.pimm@mail.com','Lào Cai',269,'Huyện Mường Khương',2171,'Xã Thanh Bình','80915','huy','2024-06-22 23:11:18.015000',5,NULL,0.00,34000.00,_binary '\0',NULL,NULL,NULL,NULL,NULL,NULL,0,NULL,NULL,NULL,NULL,NULL,NULL),('Bp6FFczv',NULL,NULL,'huysetét23','0987878787','windosi.pimm@mail.com','Hậu Giang',250,'Huyện Châu Thành A',1912,'Thị trấn Rạch Gòi','640604','huysession','2024-06-23 15:46:19.758000',2,NULL,0.00,39001.00,_binary '',NULL,NULL,NULL,NULL,NULL,NULL,0,NULL,NULL,NULL,NULL,NULL,NULL),('bpemtLpU','huytest',NULL,'huya','0987878787','windosi.pimm@mail.com','Hòa Bình',267,'Huyện Lạc Thủy',2157,'Thị Trấn Ba Hàng Đồi','800046','huysession','2024-06-25 19:07:03.985000',2,NULL,0.00,34000.00,_binary '',NULL,NULL,NULL,NULL,NULL,NULL,0,NULL,NULL,NULL,NULL,NULL,NULL),('BslV0iB2','huytest',NULL,'huya','0987878787','windosi.pimm@mail.com','Hậu Giang',250,'Thị xã Long Mỹ',3218,'Xã Long Trị A','640808','huysession','2024-06-25 13:39:00.577000',2,NULL,0.00,29000.00,_binary '',NULL,NULL,NULL,NULL,NULL,NULL,0,NULL,NULL,NULL,NULL,NULL,NULL),('bVrU1xk4','huytest',NULL,'huya','0987878787','windosi.pimm@mail.com','Điện Biên',265,'Huyện Nậm Pồ',2179,'Xã Phìn Hồ','621013','huysession','2024-06-25 18:19:00.306000',2,NULL,0.00,29000.00,_binary '',NULL,NULL,NULL,NULL,NULL,NULL,0,NULL,NULL,NULL,NULL,NULL,NULL),('cdYmdWGO','huytest',NULL,'huya','0987878787','windosi.pimm@mail.com','Hậu Giang',250,'Thị xã Long Mỹ',3218,'Xã Long Trị','640807','huysession','2024-06-25 17:53:27.383000',2,NULL,0.00,29000.00,_binary '',NULL,NULL,NULL,NULL,NULL,NULL,0,NULL,NULL,NULL,NULL,NULL,NULL),('CsrNZLjR','huykh',NULL,'huy','0987878787','windosi.pimm@mail.com','Lào Cai',269,'Huyện Mường Khương',2171,'Xã Thanh Bình','80915','test','2024-06-22 21:43:34.225000',2,NULL,0.00,34000.00,_binary '',NULL,NULL,NULL,NULL,NULL,NULL,0,NULL,NULL,NULL,NULL,NULL,NULL),('DbYkRMCT','thanh0209',NULL,'Trần Quốc Thành','0777317146','quocthanh2929@gmail.com','Hà Nội',201,'Quận Nam Từ Liêm',3440,'Phường Cầu Diễn','13001','199 cau dien','2024-06-05 18:36:38.476000',4,NULL,0.00,21000.00,_binary '',NULL,NULL,'2024-06-05 19:17:36.145000','2024-06-05 19:17:58.187000','2024-06-05 19:20:27.934000',NULL,0,NULL,NULL,NULL,NULL,NULL,NULL),('DDoFEp27','huytest',NULL,'huya','0987878787','windosi.pimm@mail.com','Lạng Sơn',247,'Huyện Văn Quan',3311,'Xã Tân Đoàn','100612','huy','2024-06-23 13:57:33.504000',2,NULL,0.00,0.00,_binary '',NULL,NULL,NULL,NULL,NULL,NULL,0,NULL,NULL,NULL,NULL,NULL,NULL),('DjllNuXc',NULL,NULL,'Bảo Thi','0000000000',NULL,'a',1,'a',1,'a','12','a','2024-06-17 21:28:52.706000',5,NULL,0.00,0.00,_binary '',NULL,NULL,NULL,NULL,NULL,NULL,1,'huy',NULL,NULL,NULL,NULL,NULL),('dKq8AKy0','huytest',NULL,'huya','0987878787','windosi.pimm@mail.com','Hòa Bình',267,'Huyện Mai Châu',2163,'Xã Tân Thành','800051','huysession','2024-06-25 18:53:19.575000',0,NULL,0.00,34000.00,_binary '','ZX',NULL,NULL,NULL,NULL,'2024-06-25 18:56:56.303000',0,NULL,NULL,NULL,NULL,NULL,NULL),('do2eFLHt',NULL,NULL,'huya','0987878787','windosi.pimm@mail.com','Hưng Yên',268,'Huyện Phù Cừ',2194,'Xã Phan Sào Nam','220709','huysession','2024-06-27 11:11:29.063000',2,NULL,0.00,34000.00,_binary '',NULL,NULL,NULL,NULL,NULL,NULL,0,NULL,NULL,NULL,NULL,NULL,NULL),('DQ3r7nU1','0388700177',NULL,'Trần Quốc Thành','0388700177',NULL,'a',1,'a',1,'a','12','a','2024-06-04 20:23:25.008000',5,NULL,0.00,0.00,_binary '',NULL,NULL,NULL,NULL,NULL,NULL,1,'tranquocthanh',NULL,NULL,NULL,NULL,NULL),('DvdzbEIT',NULL,NULL,'Tran Van A','0362581654',NULL,'a',1,'a',1,'a','12','a','2024-06-04 20:28:45.654000',1,NULL,0.00,0.00,_binary '',NULL,NULL,NULL,NULL,NULL,NULL,1,'tranquocthanh','dep',NULL,NULL,'2024-07-06 17:30:00',NULL),('eEKkiqAh','huykh',NULL,'huy','0987878787','windosi.pimm@mail.com','Lào Cai',269,'Huyện Mường Khương',2171,'Xã Tung Chung Phố','80916','test','2024-06-22 21:37:36.126000',2,NULL,0.00,34000.00,_binary '',NULL,NULL,NULL,NULL,NULL,NULL,0,NULL,NULL,NULL,NULL,NULL,NULL),('EOceaC8Y',NULL,NULL,'huyavaicalon','0987878787','windosi.pimm@mail.com','Hưng Yên',268,'Huyện Văn Lâm',2046,'Xã Minh Hải','220908','huysession','2024-06-27 17:30:00.306000',4,NULL,0.00,34000.00,_binary '',NULL,NULL,'2024-07-07 22:03:45.819000','2024-07-07 22:03:48.787000','2024-07-07 22:03:50.850000',NULL,0,NULL,NULL,NULL,NULL,NULL,NULL),('FG3MXPe9','huytest',NULL,'huya','0987878787','windosi.pimm@mail.com','Hòa Bình',267,'Huyện Lạc Thủy',2157,'Thị Trấn Ba Hàng Đồi','800046','huysession','2024-06-25 18:45:21.831000',0,NULL,0.00,34000.00,_binary '','ZX',NULL,NULL,NULL,NULL,'2024-06-25 18:57:01.348000',0,NULL,NULL,NULL,NULL,NULL,NULL),('FKFt2Men','huytest',NULL,'huya','0987878787','windosi.pimm@mail.com','Hậu Giang',250,'Huyện Châu Thành',2096,'Xã Đông Thạnh','64056','huysession','2024-06-25 13:33:12.800000',2,NULL,0.00,39001.00,_binary '',NULL,NULL,NULL,NULL,NULL,NULL,0,NULL,NULL,NULL,NULL,NULL,NULL),('G9lzFfrO',NULL,NULL,'Hoài Anh','0637289164',NULL,'a',1,'a',1,'a','12','a','2024-06-02 21:43:04.856000',6,NULL,0.00,0.00,_binary '',NULL,NULL,NULL,NULL,NULL,NULL,1,'tranquocthanh','dep',NULL,NULL,'2024-07-07 17:59:20',NULL),('GBeuqP8m','huytest',NULL,'huya','0987878787','windosi.pimm@mail.com','Bắc Giang',248,'Huyện Lục Nam',1965,'Xã Vô Tranh','180525','bắc ninh','2024-06-22 23:03:11.814000',2,NULL,0.00,0.00,_binary '',NULL,NULL,NULL,NULL,NULL,NULL,0,NULL,NULL,NULL,NULL,NULL,NULL),('gbzNRS7X','huytest',NULL,'huya','0987878787','windosi.pimm@mail.com','Hậu Giang',250,'Thị xã Long Mỹ',3218,'Xã Long Phú','640806','huysession','2024-06-23 15:44:45.139000',2,NULL,0.00,29000.00,_binary '',NULL,NULL,NULL,NULL,NULL,NULL,0,NULL,NULL,NULL,NULL,NULL,NULL),('Gdaj60n2','huytest',NULL,'huya','0987878787','windosi.pimm@mail.com','Hậu Giang',250,'Huyện Châu Thành',2096,'Xã Phú Hữu','64058','huysessionAll','2024-06-23 19:41:11.337000',2,NULL,0.00,39001.00,_binary '',NULL,NULL,NULL,NULL,NULL,NULL,0,NULL,NULL,NULL,NULL,NULL,NULL),('gokc6Dd5',NULL,NULL,'Khách lẻ','0000000000',NULL,'a',1,'a',1,'a','12','a','2024-06-12 21:25:30.406000',5,NULL,0.00,0.00,_binary '',NULL,NULL,NULL,NULL,NULL,NULL,1,'tranquocthanh',NULL,NULL,NULL,NULL,NULL),('gpk1t6KT','0388700177',NULL,'Khách lẻ','0000000000',NULL,'a',1,'a',1,'a','12','a','2024-06-02 18:30:24.221000',4,NULL,0.00,0.00,_binary '',NULL,NULL,NULL,NULL,NULL,NULL,1,'tranquocthanh',NULL,NULL,NULL,NULL,NULL),('haafcMbA','0000000000',NULL,'Bảo Thi','0000000000',NULL,'a',1,'a',1,'a','12','a','2024-06-04 20:23:34.332000',5,NULL,0.00,0.00,_binary '',NULL,NULL,NULL,NULL,NULL,NULL,1,'tranquocthanh',NULL,NULL,NULL,NULL,NULL),('hALn3fyI','huytest',NULL,'huya','0987878787','windosi.pimm@mail.com','Lào Cai',269,'Huyện Si Ma Cai',2264,'Xã Thào Chư Phìn','80213','huy','2024-06-23 00:05:14.235000',2,NULL,0.00,34000.00,_binary '',NULL,NULL,NULL,NULL,NULL,NULL,0,NULL,NULL,NULL,NULL,NULL,NULL),('Hfa60vcR',NULL,NULL,'huya','0987878787','windosi.pimm@mail.com','Hưng Yên',268,'Huyện Phù Cừ',2194,'Xã Tiền Tiến','220712','huysession','2024-06-27 16:55:33.761000',2,NULL,0.00,34000.00,_binary '',NULL,NULL,NULL,NULL,NULL,NULL,0,NULL,NULL,NULL,NULL,NULL,NULL),('HNudLxJ8','huytest',NULL,'huya','0987878787','windosi.pimm@mail.com','Cao Bằng',246,'Huyện Trà Lĩnh',3305,'Xã Quang Vinh','60507','huy','2024-06-23 12:32:37.984000',2,NULL,0.00,34000.00,_binary '',NULL,NULL,NULL,NULL,NULL,NULL,0,NULL,NULL,NULL,NULL,NULL,NULL),('i25ufVZp','huytest',NULL,'huya','0987878787','windosi.pimm@mail.com','Hậu Giang',250,'Thị xã Long Mỹ',3218,'Xã Long Trị','640807','huysession','2024-06-25 17:53:27.383000',2,NULL,0.00,29000.00,_binary '',NULL,NULL,NULL,NULL,NULL,NULL,0,NULL,NULL,NULL,NULL,NULL,NULL),('I8rCoptB',NULL,NULL,'huy','0987878787','huy@gmail.com','Bắc Ninh',249,'Huyện Lương Tài',1969,'Thị trấn Thứa','190801','test','2024-06-21 11:23:25.540000',2,NULL,0.00,34000.00,_binary '',NULL,NULL,NULL,NULL,NULL,NULL,0,NULL,NULL,NULL,NULL,NULL,NULL),('IG0G0JeA','huytest',NULL,'huya','0987878787','windosi.pimm@mail.com','Hậu Giang',250,'Huyện Long Mỹ',3445,'Xã Vĩnh Viễn A','640307','huysession','2024-06-25 13:36:13.927000',2,NULL,0.00,39001.00,_binary '',NULL,NULL,NULL,NULL,NULL,NULL,0,NULL,NULL,NULL,NULL,NULL,NULL),('il3Zic1s','huytest',NULL,'huya','0987878787','windosi.pimm@mail.com','Bắc Ninh',249,'Thị xã Thuận Thành',1767,'Xã Đại Đồng Thành','190603','huysessionAll','2024-06-25 12:28:10.262000',2,NULL,0.00,29000.00,_binary '',NULL,NULL,NULL,NULL,NULL,NULL,0,NULL,NULL,NULL,NULL,NULL,NULL),('iNuvXUZ6','huytest',NULL,'huya','0987878787','windosi.pimm@mail.com','Hòa Bình',267,'Huyện Yên Thủy',2270,'Xã Yên Lạc','231012','huysession','2024-06-25 19:13:08.199000',2,NULL,0.00,34000.00,_binary '',NULL,NULL,NULL,NULL,NULL,NULL,0,NULL,NULL,NULL,NULL,NULL,NULL),('j2mn0fc4','huytest','SES1WX7Y','huya','0987878787','windosi.pimm@mail.com','Hưng Yên',268,'Huyện Văn Lâm',2046,'Xã Trưng Trắc','220910','huysession','2024-06-27 15:33:39.156000',0,NULL,250000.00,34000.00,_binary '','huy',NULL,NULL,NULL,NULL,'2024-07-08 11:09:52.310000',0,NULL,NULL,NULL,NULL,NULL,NULL),('JJ70G0ki','0000000000',NULL,'Bảo Thi','0000000000',NULL,'a',1,'a',1,'a','12','a','2024-06-04 20:23:46.329000',0,NULL,0.00,0.00,_binary '','Khach Khong muon mua',NULL,NULL,NULL,NULL,'2024-06-04 20:35:34.943000',1,'tranquocthanh',NULL,NULL,NULL,NULL,NULL),('JK9jkxnU','huytest',NULL,'huya','0987878787','windosi.pimm@mail.com','Yên Bái',263,'Huyện Yên Bình',2266,'Xã Mỹ Gia','130411','huy','2024-06-23 14:20:39.644000',2,NULL,0.00,34000.00,_binary '',NULL,NULL,NULL,NULL,NULL,NULL,0,NULL,NULL,NULL,NULL,NULL,NULL),('jnz29skt','huytest',NULL,'huya','0987878787','windosi.pimm@mail.com','Bắc Ninh',249,'Thị xã Thuận Thành',1767,'Xã Thanh Khương','190615','huysessionAll','2024-06-25 12:16:09.594000',2,NULL,0.00,29000.00,_binary '',NULL,NULL,NULL,NULL,NULL,NULL,0,NULL,NULL,NULL,NULL,NULL,NULL),('jOPMx6Z7',NULL,NULL,'Trần văn sơn','0537252812',NULL,'a',1,'a',1,'a','12','a','2024-06-17 21:46:18.141000',5,NULL,0.00,0.00,_binary '',NULL,NULL,NULL,NULL,NULL,NULL,1,'huy',NULL,NULL,NULL,NULL,NULL),('jPCgPFO8',NULL,NULL,'Kì Anh','0836248516',NULL,'a',1,'a',1,'a','12','a','2024-06-02 19:18:39.184000',4,NULL,0.00,0.00,_binary '',NULL,NULL,NULL,NULL,NULL,NULL,1,'tranquocthanh',NULL,NULL,NULL,NULL,NULL),('k87uCSCH','huytest',NULL,'huya','0987878787','windosi.pimm@mail.com','Hòa Bình',267,'Huyện Mai Châu',2163,'Xã Pà Cò','230313','huysession','2024-06-25 19:05:51.809000',2,NULL,0.00,34000.00,_binary '',NULL,NULL,NULL,NULL,NULL,NULL,0,NULL,NULL,NULL,NULL,NULL,NULL),('ke5aCGaV',NULL,NULL,'huyaqưert323','0987878787','windosi.pimm@mail.com','Hưng Yên',268,'Huyện Phù Cừ',2194,'Xã Tống Phan','220713','huysession','2024-06-27 17:27:22.749000',2,NULL,0.00,34000.00,_binary '',NULL,NULL,NULL,NULL,NULL,NULL,0,NULL,NULL,NULL,NULL,NULL,NULL),('KGsJptte','huytest',NULL,'huya','0987878787','windosi.pimm@mail.com','Bắc Giang',248,'Huyện Yên Thế',1765,'Xã Tân Sỏi','180219','huy','2024-06-22 23:06:21.390000',2,NULL,0.00,34000.00,_binary '',NULL,NULL,NULL,NULL,NULL,NULL,0,NULL,NULL,NULL,NULL,NULL,NULL),('KOjrt3W9','huytest',NULL,'huya','0987878787','windosi.pimm@mail.com','Lào Cai',269,'Huyện Si Ma Cai',2264,'Xã Thào Chư Phìn','80213','huy','2024-06-22 23:44:15.403000',2,NULL,0.00,34000.00,_binary '',NULL,NULL,NULL,NULL,NULL,NULL,0,NULL,NULL,NULL,NULL,NULL,NULL),('KrhMFV3e','huytest',NULL,'huya','0987878787','windosi.pimm@mail.com','Hậu Giang',250,'Huyện Châu Thành',2096,'Xã Phú Hữu','64058','huysessionAll','2024-06-23 19:53:03.402000',2,NULL,0.00,39001.00,_binary '',NULL,NULL,NULL,NULL,NULL,NULL,0,NULL,NULL,NULL,NULL,NULL,NULL),('kv2O9Qky','0388700177',NULL,'Trần Quốc Thành','0388700177',NULL,'a',1,'a',1,'a','12','a','2024-06-14 03:53:33.206000',5,NULL,0.00,0.00,_binary '',NULL,NULL,NULL,NULL,NULL,NULL,1,'tranquocthanh',NULL,NULL,NULL,NULL,NULL),('L15Jhg0A','huytest',NULL,'huya','0987878787','windosi.pimm@mail.com','Hậu Giang',250,'Huyện Long Mỹ',3445,'Xã Vĩnh Viễn A','640307','huysession','2024-06-23 15:31:00.826000',2,NULL,0.00,39001.00,_binary '',NULL,NULL,NULL,NULL,NULL,NULL,0,NULL,NULL,NULL,NULL,NULL,NULL),('lKBVPeZS','huytest',NULL,'huya','0987878787','windosi.pimm@mail.com','Hậu Giang',250,'Huyện Long Mỹ',3445,'Xã Xà Phiên','640308','huysession','2024-06-25 13:40:48.752000',2,NULL,0.00,39001.00,_binary '',NULL,NULL,NULL,NULL,NULL,NULL,0,NULL,NULL,NULL,NULL,NULL,NULL),('LreD94Xb','huytest',NULL,'huya','0987878787','windosi.pimm@mail.com','Điện Biên',265,'Huyện Điện Biên Đông',2123,'Xã Pú Hồng','620711','huysession','2024-06-25 18:34:51.850000',0,NULL,0.00,34000.00,_binary '','ZXZ',NULL,NULL,NULL,NULL,'2024-06-25 18:57:03.779000',0,NULL,NULL,NULL,NULL,NULL,NULL),('lTcOOSEC','huytest',NULL,'huya','0987878787','windosi.pimm@mail.com','Lào Cai',269,'Huyện Mường Khương',2171,'Xã Thanh Bình','80915','huysessionAll','2024-06-25 13:12:29.587000',2,NULL,0.00,34000.00,_binary '',NULL,NULL,NULL,NULL,NULL,NULL,0,NULL,NULL,NULL,NULL,NULL,NULL),('lVDlRZe5','huytest',NULL,'huya','0987878787','windosi.pimm@mail.com','Lào Cai',269,'Huyện Mường Khương',2171,'Xã Thanh Bình','80915','test','2024-06-22 21:53:45.419000',2,NULL,0.00,34000.00,_binary '',NULL,NULL,NULL,NULL,NULL,NULL,0,NULL,NULL,NULL,NULL,NULL,NULL),('Lw6hIcHk',NULL,NULL,'huya','0987878787','windosi.pimm@mail.com','Hưng Yên',268,'Huyện Phù Cừ',2194,'Xã Tiền Tiến','220712','huysession','2024-06-25 19:59:05.278000',2,NULL,0.00,34000.00,_binary '',NULL,NULL,NULL,NULL,NULL,NULL,0,NULL,NULL,NULL,NULL,NULL,NULL),('lyufP1Hl',NULL,NULL,'huyaqưefdwdf','0987878787','windosi.pimm@mail.com','Hưng Yên',268,'Huyện Phù Cừ',2194,'Xã Tống Phan','220713','huysession','2024-06-27 17:14:56.525000',2,NULL,0.00,34000.00,_binary '',NULL,NULL,NULL,NULL,NULL,NULL,0,NULL,NULL,NULL,NULL,NULL,NULL),('m6l0omsz','huytest',NULL,'huya','0987878787','windosi.pimm@mail.com','Lạng Sơn',247,'Huyện Văn Lãng',3310,'Xã Gia Miễn','100405','huy','2024-06-23 14:04:54.286000',2,NULL,0.00,34000.00,_binary '',NULL,NULL,NULL,NULL,NULL,NULL,0,NULL,NULL,NULL,NULL,NULL,NULL),('m99NNaDa',NULL,NULL,'huya','0987878787','windosi.pimm@mail.com','Hậu Giang',250,'Huyện Châu Thành',2096,'Xã Phú An','64057','huysession','2024-06-23 15:32:29.844000',2,NULL,0.00,39001.00,_binary '',NULL,NULL,NULL,NULL,NULL,NULL,0,NULL,NULL,NULL,NULL,NULL,NULL),('MalYCt99',NULL,NULL,'Trần Quốc Thành','0388700177',NULL,'a',1,'a',1,'a','12','a','2024-06-17 21:47:15.528000',5,NULL,0.00,0.00,_binary '',NULL,NULL,NULL,NULL,NULL,NULL,1,'huy',NULL,NULL,NULL,NULL,NULL),('MkrCZG9M','huytest',NULL,'huya','0987878787','windosi.pimm@mail.com','Hậu Giang',250,'Huyện Châu Thành',2096,'Xã Phú Hữu','64058','huysession','2024-06-25 13:36:50.584000',2,NULL,0.00,39001.00,_binary '',NULL,NULL,NULL,NULL,NULL,NULL,0,NULL,NULL,NULL,NULL,NULL,NULL),('Ml3GTeyc','huytest',NULL,'huya','0987878787','windosi.pimm@mail.com','Điện Biên',265,'Huyện Mường Ảng',2170,'Xã Nặm Lịch','620908','huysession','2024-06-25 18:31:36.218000',0,NULL,0.00,34000.00,_binary '','ZXZX',NULL,NULL,NULL,NULL,'2024-06-25 18:57:06.635000',0,NULL,NULL,NULL,NULL,NULL,NULL),('mMOGq7jQ','huytest',NULL,'huya','0987878787','windosi.pimm@mail.com','Điện Biên',265,'Huyện Mường Ảng',2170,'Xã Nặm Lịch','620908','huysession','2024-06-25 18:25:23.862000',0,NULL,0.00,34000.00,_binary '','ZX',NULL,NULL,NULL,NULL,'2024-06-25 18:57:09.742000',0,NULL,NULL,NULL,NULL,NULL,NULL),('Mo4pEYGR','huytest',NULL,'huya','0987878787','windosi.pimm@mail.com','Hòa Bình',267,'Huyện Yên Thủy',2270,'Xã Yên Lạc','231012','huy','2024-06-23 17:45:22.265000',2,NULL,0.00,34000.00,_binary '',NULL,NULL,NULL,NULL,NULL,NULL,0,NULL,NULL,NULL,NULL,NULL,NULL),('mOH5yJtO','huytest',NULL,'huya123456fgfdsfg','0987878787','windosi.pimm@mail.com','Hưng Yên',268,'Huyện Văn Lâm',2046,'Xã Minh Hải','220908','huysession','2024-06-27 18:26:28.673000',6,NULL,0.00,34000.00,_binary '',NULL,NULL,'2024-07-07 22:03:23.353000','2024-07-08 11:02:20.065000','2024-07-08 12:37:34.408000',NULL,0,NULL,'đổi size 40',NULL,NULL,'2024-07-08 12:43:47',1),('MRHt1y0I','huytest',NULL,'huya','0987878787','windosi.pimm@mail.com','Hòa Bình',267,'Huyện Mai Châu',2163,'Xã Thanh Sơn','90777','huysession','2024-06-25 19:10:46.461000',2,NULL,0.00,34000.00,_binary '',NULL,NULL,NULL,NULL,NULL,NULL,0,NULL,NULL,NULL,NULL,NULL,NULL),('MskewocL','0637289164',NULL,'Hoài Anh','0637289164',NULL,'a',1,'a',1,'a','12','a','2024-06-04 20:23:01.316000',5,NULL,0.00,0.00,_binary '',NULL,NULL,NULL,NULL,NULL,NULL,1,'tranquocthanh',NULL,NULL,NULL,NULL,NULL),('mxFdH00F','0388700177',NULL,'Trần Quốc Thành','0388700177',NULL,'a',1,'a',1,'a','12','a','2024-06-02 22:06:15.287000',6,NULL,0.00,0.00,_binary '\0',NULL,NULL,NULL,NULL,NULL,NULL,1,'tranquocthanh','dep',NULL,NULL,'2024-07-06 17:49:22',NULL),('NAFMWrzy','huytest',NULL,'huya12346','0987878787','windosi.pimm@mail.com','Hưng Yên',268,'Huyện Văn Giang',2045,'Xã Phụng Công','221007','huysession','2024-06-27 18:15:57.893000',6,NULL,0.00,34000.00,_binary '',NULL,NULL,NULL,NULL,NULL,NULL,0,NULL,NULL,NULL,NULL,NULL,1),('NGSNA6JM','huytest',NULL,'huya','0987878787','windosi.pimm@mail.com','Bắc Ninh',249,'Huyện Yên Phong',1768,'Xã Yên Trung','190214','huysessionAll','2024-06-25 12:26:25.112000',2,NULL,0.00,29000.00,_binary '',NULL,NULL,NULL,NULL,NULL,NULL,0,NULL,NULL,NULL,NULL,NULL,NULL),('NY97dZs1','huytest',NULL,'huya','0987878787','windosi.pimm@mail.com','Hưng Yên',268,'Huyện Phù Cừ',2194,'Xã Quang Hưng','220710','huysession','2024-06-27 10:51:47.908000',2,NULL,0.00,34000.00,_binary '',NULL,NULL,NULL,NULL,NULL,NULL,0,NULL,NULL,NULL,NULL,NULL,NULL),('O0EasbK0','huytest',NULL,'huya','0987878787','windosi.pimm@mail.com','Hưng Yên',268,'Huyện Phù Cừ',2194,'Xã Tống Phan','220713','huysession','2024-06-25 19:44:26.729000',2,NULL,0.00,34000.00,_binary '',NULL,NULL,NULL,NULL,NULL,NULL,0,NULL,NULL,NULL,NULL,NULL,NULL),('o6jKKgL4','huykh',NULL,'huy','0987878787','windosi.pimm@mail.com','Lào Cai',269,'Huyện Si Ma Cai',2264,'Thị Trấn Si Ma Cai','90816','test','2024-06-22 21:35:15.860000',2,NULL,0.00,34000.00,_binary '',NULL,NULL,NULL,NULL,NULL,NULL,0,NULL,NULL,NULL,NULL,NULL,NULL),('o9vUGGYh','huytest',NULL,'huya','0987878787','windosi.pimm@mail.com','Hậu Giang',250,'Thị xã Long Mỹ',3218,'Xã Tân Phú','640809','huysessionAll','2024-06-23 18:01:04.736000',2,NULL,0.00,29000.00,_binary '',NULL,NULL,NULL,NULL,NULL,NULL,0,NULL,NULL,NULL,NULL,NULL,NULL),('OMdVNbCv','huytest',NULL,'huya','0987878787','windosi.pimm@mail.com','Hòa Bình',267,'Huyện Mai Châu',2163,'Xã Đồng Tân','800052','huy','2024-06-23 17:49:53.816000',2,NULL,0.00,34000.00,_binary '',NULL,NULL,NULL,NULL,NULL,NULL,0,NULL,NULL,NULL,NULL,NULL,NULL),('otdcccIN',NULL,NULL,'Khách lẻ','0000000000',NULL,'a',1,'a',1,'a','12','a','2024-06-14 03:36:41.961000',1,NULL,0.00,0.00,_binary '',NULL,NULL,NULL,NULL,NULL,NULL,1,'tranquocthanh',NULL,NULL,NULL,NULL,NULL),('Owv0On6u','huytest',NULL,'huya','0987878787','windosi.pimm@mail.com','Lào Cai',269,'Huyện Si Ma Cai',2264,'Xã Sín Chéng','80212','test','2024-06-22 21:53:10.024000',2,NULL,0.00,34000.00,_binary '',NULL,NULL,NULL,NULL,NULL,NULL,0,NULL,NULL,NULL,NULL,NULL,NULL),('P2T33Dae','huytest',NULL,'huya','0987878787','windosi.pimm@mail.com','Hậu Giang',250,'Thị xã Long Mỹ',3218,'Xã Long Trị','640807','huysession','2024-06-25 18:10:25.750000',2,NULL,0.00,29000.00,_binary '',NULL,NULL,NULL,NULL,NULL,NULL,0,NULL,NULL,NULL,NULL,NULL,NULL),('P962C0d6','huytest',NULL,'huya','0987878787','windosi.pimm@mail.com','Bắc Ninh',249,'Huyện Yên Phong',1768,'Xã Yên Trung','190214','huysessionAll','2024-06-24 22:46:14.643000',2,NULL,0.00,29000.00,_binary '',NULL,NULL,NULL,NULL,NULL,NULL,0,NULL,NULL,NULL,NULL,NULL,NULL),('paYs4WTQ','huytest',NULL,'tetsttsdcs','0987878787','windosi.pimm@mail.com','Bắc Giang',248,'Huyện Lục Nam',1965,'Xã Huyền Sơn','180513','bắc ninh','2024-06-22 23:02:06.834000',2,NULL,0.00,29000.00,_binary '',NULL,NULL,NULL,NULL,NULL,NULL,0,NULL,NULL,NULL,NULL,NULL,NULL),('pIyvGOzj','khachmua01',NULL,'tran van a','0123456789','quocthanh02092k2@gmail.com','Hà Nội',201,'Quận Nam Từ Liêm',3440,'Phường Cầu Diễn','13001','200 cau dien','2024-06-05 19:29:14.799000',4,NULL,0.00,21000.00,_binary '',NULL,NULL,'2024-06-05 19:29:48.170000','2024-06-05 19:30:12.245000','2024-06-05 19:30:16.087000',NULL,0,NULL,NULL,NULL,NULL,NULL,NULL),('PpCDDGNx','huykh',NULL,'huy','0987878787','windosi.pimm@mail.com','Bắc Ninh',249,'Huyện Lương Tài',1969,'Xã Trừng Xá','190814','test','2024-06-22 21:24:31.366000',2,NULL,0.00,34000.00,_binary '',NULL,NULL,NULL,NULL,NULL,NULL,0,NULL,NULL,NULL,NULL,NULL,NULL),('PrQtVWLI','0388700177',NULL,'Trần Quốc Thành','0388700177',NULL,'a',1,'a',1,'a','12','a','2024-06-14 12:17:10.493000',5,NULL,0.00,0.00,_binary '',NULL,NULL,NULL,NULL,NULL,NULL,1,'tranquocthanh',NULL,NULL,NULL,NULL,NULL),('rkt1AdNK','huytest',NULL,'huya','0987878787','windosi.pimm@mail.com','Hậu Giang',250,'Thị xã Long Mỹ',3218,'Xã Long Trị','640807','huysessionAll','2024-06-23 22:31:35.197000',2,NULL,0.00,29000.00,_binary '',NULL,NULL,NULL,NULL,NULL,NULL,0,NULL,NULL,NULL,NULL,NULL,NULL),('RoGm9fgi','0987654321',NULL,'Duong Huy','0987654321',NULL,'a',1,'a',1,'a','12','a','2024-06-04 20:23:10.385000',5,NULL,0.00,0.00,_binary '',NULL,NULL,NULL,NULL,NULL,NULL,1,'tranquocthanh',NULL,NULL,NULL,NULL,NULL),('rPSz0diI','huykh',NULL,'huy','0987878787','windosi.pimm@mail.com','Bắc Ninh',249,'Huyện Lương Tài',1969,'Xã Trung Kênh','190813','test','2024-06-22 21:11:09.160000',2,NULL,0.00,34000.00,_binary '',NULL,NULL,NULL,NULL,NULL,NULL,0,NULL,NULL,NULL,NULL,NULL,NULL),('rZHHmqWb','huytest',NULL,'huya','0987878787','windosi.pimm@mail.com','Hậu Giang',250,'Huyện Châu Thành',2096,'Xã Phú An','64057','huysession','2024-06-23 15:44:24.795000',2,NULL,0.00,39001.00,_binary '',NULL,NULL,NULL,NULL,NULL,NULL,0,NULL,NULL,NULL,NULL,NULL,NULL),('RzjTEQdg','huytest',NULL,'huya','0987878787','windosi.pimm@mail.com','Bắc Ninh',249,'Thị xã Thuận Thành',1767,'Xã Thanh Khương','190615','huysessionAll','2024-06-25 12:39:54.827000',2,NULL,0.00,29000.00,_binary '',NULL,NULL,NULL,NULL,NULL,NULL,0,NULL,NULL,NULL,NULL,NULL,NULL),('s98VEtFd','huytest',NULL,'huya','0987878787','windosi.pimm@mail.com','Hòa Bình',267,'Huyện Mai Châu',2163,'Xã Đồng Tân','800052','huy','2024-06-23 17:47:23.651000',2,NULL,0.00,34000.00,_binary '',NULL,NULL,NULL,NULL,NULL,NULL,0,NULL,NULL,NULL,NULL,NULL,NULL),('s9hYcexp','huytest',NULL,'huya','0987878787','windosi.pimm@mail.com','Lào Cai',269,'Huyện Mường Khương',2171,'Xã Bản Lầu','80902','test','2024-06-22 22:34:20.105000',2,NULL,0.00,34000.00,_binary '',NULL,NULL,NULL,NULL,NULL,NULL,0,NULL,NULL,NULL,NULL,NULL,NULL),('sBw3TSMH','0637289164',NULL,'Hoài Anh','0637289164',NULL,'a',1,'a',1,'a','12','a','2024-06-04 20:23:56.598000',0,NULL,0.00,0.00,_binary '','Khach doi mau',NULL,NULL,NULL,NULL,'2024-06-04 20:29:34.135000',1,'tranquocthanh',NULL,NULL,NULL,NULL,NULL),('scWpnZZV','khachmua01','SES1WX7Y','tran van a','0123456789','quocthanh02092k2@gmail.com','Hà Nội',201,'Quận Nam Từ Liêm',3440,'Phường Cầu Diễn','13001','200 phú dien','2024-06-10 20:49:40.905000',1,NULL,250000.00,21000.00,_binary '',NULL,NULL,'2024-06-10 21:02:37.998000',NULL,NULL,NULL,0,NULL,NULL,NULL,NULL,NULL,NULL),('SHioILTu','huytest',NULL,'huya','0987878787','windosi.pimm@mail.com','Hòa Bình',267,'Huyện Mai Châu',2163,'Xã Thành Sơn','800050','huysession','2024-06-25 18:47:10.315000',0,NULL,0.00,34000.00,_binary '','ZX',NULL,NULL,NULL,NULL,'2024-06-25 18:56:59.139000',0,NULL,NULL,NULL,NULL,NULL,NULL),('snOE6UvP','huytest',NULL,'huya','0987878787','windosi.pimm@mail.com','Bắc Ninh',249,'Huyện Gia Bình',1766,'Xã Thái Bảo','190712','huysessionAll','2024-06-24 22:51:06.656000',2,NULL,0.00,34000.00,_binary '',NULL,NULL,NULL,NULL,NULL,NULL,0,NULL,NULL,NULL,NULL,NULL,NULL),('SO8yGpDq',NULL,NULL,'huysetét','0987878787','windosi.pimm@mail.com','Hậu Giang',250,'Thị xã Long Mỹ',3218,'Xã Long Trị A','640808','huysession','2024-06-23 15:45:24.644000',2,NULL,0.00,29000.00,_binary '',NULL,NULL,NULL,NULL,NULL,NULL,0,NULL,NULL,NULL,NULL,NULL,NULL),('SSQpbmiP','huytest',NULL,'huya','0987878787','windosi.pimm@mail.com','Bắc Ninh',249,'Huyện Yên Phong',1768,'Xã Văn Môn','190212','huysessionAll','2024-06-24 22:55:17.891000',2,NULL,0.00,29000.00,_binary '',NULL,NULL,NULL,NULL,NULL,NULL,0,NULL,NULL,NULL,NULL,NULL,NULL),('sVunvFpZ',NULL,NULL,'huysession','0987878787','windosi.pimm@mail.com','Lạng Sơn',247,'Huyện Văn Lãng',3310,'Xã Trùng Quán','100420','huy','2024-06-23 14:14:21.359000',2,NULL,0.00,34000.00,_binary '',NULL,NULL,NULL,NULL,NULL,NULL,0,NULL,NULL,NULL,NULL,NULL,NULL),('T9CWm9w4','huytest',NULL,'huya','0987878787','windosi.pimm@mail.com','Lào Cai',269,'Huyện Mường Khương',2171,'Xã Tung Chung Phố','80916','huy','2024-06-22 23:45:10.078000',2,NULL,0.00,34000.00,_binary '',NULL,NULL,NULL,NULL,NULL,NULL,0,NULL,NULL,NULL,NULL,NULL,NULL),('teT8qKo2','huytest',NULL,'huya','0987878787','windosi.pimm@mail.com','Bắc Ninh',249,'Huyện Yên Phong',1768,'Xã Đông Phong','190202','huysessionAll','2024-06-23 22:58:25.027000',2,NULL,0.00,29000.00,_binary '',NULL,NULL,NULL,NULL,NULL,NULL,0,NULL,NULL,NULL,NULL,NULL,NULL),('tHEsQ06y','huytest',NULL,'huya','0987878787','windosi.pimm@mail.com','Hậu Giang',250,'Huyện Long Mỹ',3445,'Xã Xà Phiên','640308','huysessionAll','2024-06-23 22:17:39.226000',2,NULL,0.00,39001.00,_binary '',NULL,NULL,NULL,NULL,NULL,NULL,0,NULL,NULL,NULL,NULL,NULL,NULL),('thJwkZSp','huytest',NULL,'huya','0987878787','windosi.pimm@mail.com','Hậu Giang',250,'Thị xã Long Mỹ',3218,'Xã Long Trị A','640808','huysessionAll','2024-06-23 19:49:33.691000',2,NULL,0.00,29000.00,_binary '',NULL,NULL,NULL,NULL,NULL,NULL,0,NULL,NULL,NULL,NULL,NULL,NULL),('tKS37J2A','huykh',NULL,'huy','0987878787','windosi.pimm@mail.com','Bắc Ninh',249,'Huyện Yên Phong',1768,'Xã Yên Phụ','190213','test','2024-06-22 21:01:24.489000',1,NULL,0.00,29000.00,_binary '',NULL,NULL,'2024-06-22 21:03:28.013000',NULL,NULL,NULL,0,NULL,NULL,NULL,NULL,NULL,NULL),('Uazhj0Cq',NULL,NULL,'Bảo Thi','0000000000',NULL,'a',1,'a',1,'a','12','a','2024-06-02 20:20:19.613000',0,NULL,0.00,0.00,_binary '','Khách đổi mẫu',NULL,NULL,NULL,NULL,'2024-06-02 21:44:06.402000',1,'tranquocthanh',NULL,NULL,NULL,NULL,NULL),('UFxopyIK','huytest',NULL,'huya','0987878787','windosi.pimm@mail.com','Yên Bái',263,'Huyện Yên Bình',2266,'Xã Mỹ Gia','130411','huy','2024-06-23 14:55:26.521000',2,NULL,0.00,34000.00,_binary '',NULL,NULL,NULL,NULL,NULL,NULL,0,NULL,NULL,NULL,NULL,NULL,NULL),('uISnI8xi','0984732721',NULL,'Nguyen van Dat','0984732721',NULL,'a',1,'a',1,'a','12','a','2024-06-04 20:23:15.858000',5,NULL,0.00,0.00,_binary '',NULL,NULL,NULL,NULL,NULL,NULL,1,'tranquocthanh',NULL,NULL,NULL,NULL,NULL),('uupX5NNA','huytest',NULL,'huya','0987878787','windosi.pimm@mail.com','Điện Biên',265,'Huyện Mường Ảng',2170,'Xã Xuân Lao','620910','huysession','2024-06-25 18:22:53.104000',2,NULL,0.00,34000.00,_binary '',NULL,NULL,NULL,NULL,NULL,NULL,0,NULL,NULL,NULL,NULL,NULL,NULL),('v8eX102H','huytest',NULL,'huya','0987878787','windosi.pimm@mail.com','Bắc Ninh',249,'Huyện Yên Phong',1768,'Xã Yên Trung','190214','huysessionAll','2024-06-25 12:26:25.110000',2,NULL,0.00,29000.00,_binary '',NULL,NULL,NULL,NULL,NULL,NULL,0,NULL,NULL,NULL,NULL,NULL,NULL),('vfnfaghY','huytest',NULL,'huya','0987878787','windosi.pimm@mail.com','Hậu Giang',250,'Thị xã Long Mỹ',3218,'Xã Long Trị A','640808','huysession','2024-06-23 15:15:26.763000',2,NULL,0.00,29000.00,_binary '',NULL,NULL,NULL,NULL,NULL,NULL,0,NULL,NULL,NULL,NULL,NULL,NULL),('vMzx9tWU','khachmua01',NULL,'tran van a','0123456789','quocthanh02092k2@gmail.com','Hà Nội',201,'Quận Nam Từ Liêm',3440,'Phường Cầu Diễn','13001','200 cau dien','2024-06-05 22:41:16.028000',2,NULL,0.00,21000.00,_binary '',NULL,NULL,NULL,NULL,NULL,NULL,0,NULL,NULL,NULL,NULL,NULL,NULL),('vVDmhyHb','huytest',NULL,'huymuaall','0987878787','windosi.pimm@mail.com','Hậu Giang',250,'Huyện Châu Thành',2096,'Xã Phú Hữu','64058','huysession','2024-06-23 15:49:13.238000',2,NULL,0.00,39001.00,_binary '',NULL,NULL,NULL,NULL,NULL,NULL,0,NULL,NULL,NULL,NULL,NULL,NULL),('VY1fL9HX',NULL,NULL,'huysessionAll','0987878787','windosi.pimm@mail.com','Yên Bái',263,'Huyện Yên Bình',2266,'Xã Vũ Linh','130422','huy','2024-06-23 14:15:22.558000',2,NULL,0.00,34000.00,_binary '',NULL,NULL,NULL,NULL,NULL,NULL,0,NULL,NULL,NULL,NULL,NULL,NULL),('wCOrkLtt','huytest',NULL,'huya','0987878787','windosi.pimm@mail.com','Hòa Bình',267,'Huyện Mai Châu',2163,'Xã Thành Sơn','800050','huy','2024-06-23 17:46:55.330000',2,NULL,0.00,34000.00,_binary '',NULL,NULL,NULL,NULL,NULL,NULL,0,NULL,NULL,NULL,NULL,NULL,NULL),('wTKxOAI7','huytest',NULL,'huya','0987878787','windosi.pimm@mail.com','Hậu Giang',250,'Huyện Châu Thành',2096,'Xã Phú Hữu','64058','huysession','2024-06-23 15:33:44.856000',2,NULL,0.00,39001.00,_binary '',NULL,NULL,NULL,NULL,NULL,NULL,0,NULL,NULL,NULL,NULL,NULL,NULL),('xBKycuea','0388700177',NULL,'Trần Quốc Thành','0388700177',NULL,'a',1,'a',1,'a','12','a','2024-06-10 21:13:23.790000',5,NULL,0.00,0.00,_binary '',NULL,NULL,NULL,NULL,NULL,NULL,1,'tranquocthanh',NULL,NULL,NULL,NULL,NULL),('Xf5Jpn9T',NULL,NULL,'huya','0987878787','windosi.pimm@mail.com','Hậu Giang',250,'Thị xã Long Mỹ',3218,'Xã Long Phú','640806','huysession','2024-06-23 15:33:01.755000',2,NULL,0.00,29000.00,_binary '',NULL,NULL,NULL,NULL,NULL,NULL,0,NULL,NULL,NULL,NULL,NULL,NULL),('xH73e0f3','0537252812',NULL,'Trần văn sơn','0537252812',NULL,'a',1,'a',1,'a','12','a','2024-06-04 20:22:51.422000',5,NULL,0.00,0.00,_binary '',NULL,NULL,NULL,NULL,NULL,NULL,1,'tranquocthanh',NULL,NULL,NULL,NULL,NULL),('xk9w7J38',NULL,NULL,'huyasdfghfdsa','0987878787','windosi.pimm@mail.com','Hưng Yên',268,'Huyện Văn Lâm',2046,'Xã Trưng Trắc','220910','huysession','2024-06-27 17:28:59.504000',2,NULL,0.00,34000.00,_binary '',NULL,NULL,NULL,NULL,NULL,NULL,0,NULL,NULL,NULL,NULL,NULL,NULL),('XuqlcfFU','thanh0209',NULL,'Trần Quốc Thành','0777317146','quocthanh2929@gmail.com','Hà Nội',201,'Quận Nam Từ Liêm',3440,'Phường Cầu Diễn','13001','199 phu dien','2024-06-05 00:14:23.979000',2,NULL,0.00,21000.00,_binary '',NULL,NULL,NULL,NULL,NULL,NULL,0,NULL,NULL,NULL,NULL,NULL,NULL),('xweA1qNi','huytest',NULL,'huya','0987878787','windosi.pimm@mail.com','Hậu Giang',250,'Huyện Long Mỹ',3445,'Xã Vĩnh Viễn A','640307','huysessionAll','2024-06-23 17:58:53.069000',2,NULL,0.00,39001.00,_binary '',NULL,NULL,NULL,NULL,NULL,NULL,0,NULL,NULL,NULL,NULL,NULL,NULL),('Xy1lscMw','huytest',NULL,'huya','0987878787','windosi.pimm@mail.com','Hậu Giang',250,'Thị xã Long Mỹ',3218,'Xã Long Trị A','640808','huysessionAll','2024-06-23 19:49:05.656000',2,NULL,0.00,29000.00,_binary '',NULL,NULL,NULL,NULL,NULL,NULL,0,NULL,NULL,NULL,NULL,NULL,NULL),('yDCyIyi2','huytest',NULL,'huya','0987878787','windosi.pimm@mail.com','Hòa Bình',267,'Huyện Yên Thủy',2270,'Xã Yên Trị','231013','huysession','2024-06-25 18:56:22.890000',0,NULL,0.00,34000.00,_binary '','ZX',NULL,NULL,NULL,NULL,'2024-06-25 18:56:53.759000',0,NULL,NULL,NULL,NULL,NULL,NULL),('yLr5ViwP','huytest',NULL,'huya','0987878787','windosi.pimm@mail.com','Hậu Giang',250,'Thị xã Long Mỹ',3218,'Xã Long Trị A','640808','huysession','2024-06-25 13:30:24.187000',2,NULL,0.00,29000.00,_binary '',NULL,NULL,NULL,NULL,NULL,NULL,0,NULL,NULL,NULL,NULL,NULL,NULL),('z8EMLCgs','huytest',NULL,'huya','0987878787','windosi.pimm@mail.com','Hậu Giang',250,'Thị xã Long Mỹ',3218,'Xã Long Trị A','640808','huysessionAll','2024-06-23 21:25:51.576000',2,NULL,0.00,29000.00,_binary '',NULL,NULL,NULL,NULL,NULL,NULL,0,NULL,NULL,NULL,NULL,NULL,NULL),('ZCx7Wp9K','huytest',NULL,'huya','0987878787','windosi.pimm@mail.com','Hậu Giang',250,'Huyện Châu Thành',2096,'Xã Đông Thạnh','64056','huysession','2024-06-25 13:33:12.799000',2,NULL,0.00,39001.00,_binary '',NULL,NULL,NULL,NULL,NULL,NULL,0,NULL,NULL,NULL,NULL,NULL,NULL),('zQ4JeRiY','huytest',NULL,'huya','0987878787','windosi.pimm@mail.com','Cao Bằng',246,'Huyện Thông Nông',3299,'Xã Vị Quang','60310','huy','2024-06-23 13:47:42.296000',2,NULL,0.00,34000.00,_binary '',NULL,NULL,NULL,NULL,NULL,NULL,0,NULL,NULL,NULL,NULL,NULL,NULL),('ZrTyj3kV','huytest',NULL,'huya','0987878787','windosi.pimm@mail.com','Điện Biên',265,'Huyện Điện Biên Đông',2123,'Xã Pú Hồng','620711','huysession','2024-06-25 18:17:38.747000',2,NULL,0.00,34000.00,_binary '',NULL,NULL,NULL,NULL,NULL,NULL,0,NULL,NULL,NULL,NULL,NULL,NULL),('ZzxXAcWh','huytest',NULL,'huya','0987878787','windosi.pimm@mail.com','Lào Cai',269,'Huyện Mường Khương',2171,'Xã Thanh Bình','80915','test','2024-06-22 22:50:03.451000',2,NULL,0.00,34000.00,_binary '',NULL,NULL,NULL,NULL,NULL,NULL,0,NULL,NULL,NULL,NULL,NULL,NULL);
/*!40000 ALTER TABLE `donhang` ENABLE KEYS */;
UNLOCK TABLES;

--
-- Table structure for table `giohang`
--

DROP TABLE IF EXISTS `giohang`;
/*!40101 SET @saved_cs_client     = @@character_set_client */;
/*!50503 SET character_set_client = utf8mb4 */;
CREATE TABLE `giohang` (
  `id` varchar(255) NOT NULL,
  `ChiTietSanPham` varchar(36) DEFAULT NULL,
  `KhachHang` varchar(45) DEFAULT NULL,
  `soluong` int DEFAULT NULL,
  PRIMARY KEY (`id`),
  KEY `GioHang_ChiTietSanPham` (`ChiTietSanPham`),
  KEY `GioHang_KhachHang_idx` (`KhachHang`),
  CONSTRAINT `FK6hhf8rq2fut2nilncw53wep1e` FOREIGN KEY (`KhachHang`) REFERENCES `khachhang` (`username`),
  CONSTRAINT `FK974s80x4ir1j7ic37hvg19r4y` FOREIGN KEY (`ChiTietSanPham`) REFERENCES `chitietsanpham` (`id`),
  CONSTRAINT `GioHang_ChiTietSanPham` FOREIGN KEY (`ChiTietSanPham`) REFERENCES `chitietsanpham` (`id`) ON DELETE CASCADE ON UPDATE CASCADE,
  CONSTRAINT `GioHang_KhachHang` FOREIGN KEY (`KhachHang`) REFERENCES `khachhang` (`username`) ON DELETE CASCADE ON UPDATE CASCADE
) ENGINE=InnoDB DEFAULT CHARSET=utf8mb4 COLLATE=utf8mb4_0900_ai_ci;
/*!40101 SET character_set_client = @saved_cs_client */;

--
-- Dumping data for table `giohang`
--

LOCK TABLES `giohang` WRITE;
/*!40000 ALTER TABLE `giohang` DISABLE KEYS */;
INSERT INTO `giohang` VALUES ('2e6cc031-01df-4764-b6a0-1eb7a198ffdb','eef01cdd-258e-461f-a42f-3ea6a59bc23b','huytest',1),('92d40118-a68b-40d1-9c77-6aff9a2264cf','46ffd4d1-e4d7-4a03-a069-1c217170c5c4','huytest',1),('dcb1cb69-8a3a-4d93-8397-b33c1cabd31a','9c1e72a0-cd8f-4dfc-b07b-ecd6f871c3bb','huykh',1);
/*!40000 ALTER TABLE `giohang` ENABLE KEYS */;
UNLOCK TABLES;

--
-- Table structure for table `khachhang`
--

DROP TABLE IF EXISTS `khachhang`;
/*!40101 SET @saved_cs_client     = @@character_set_client */;
/*!50503 SET character_set_client = utf8mb4 */;
CREATE TABLE `khachhang` (
  `username` varchar(20) NOT NULL,
  `password` varchar(255) DEFAULT NULL,
  `hovaten` varchar(255) DEFAULT NULL,
  `NgaySinh` date DEFAULT NULL,
  `GioiTinh` bit(1) DEFAULT NULL,
  `sodienthoai` varchar(255) DEFAULT NULL,
  `email` varchar(255) DEFAULT NULL,
  `anhdaidien` varchar(255) DEFAULT NULL,
  PRIMARY KEY (`username`)
) ENGINE=InnoDB DEFAULT CHARSET=utf8mb4 COLLATE=utf8mb4_0900_ai_ci;
/*!40101 SET character_set_client = @saved_cs_client */;

--
-- Dumping data for table `khachhang`
--

LOCK TABLES `khachhang` WRITE;
/*!40000 ALTER TABLE `khachhang` DISABLE KEYS */;
INSERT INTO `khachhang` VALUES ('0000000000','0000000000','Bảo Thi',NULL,NULL,'0000000000','quocthanh2929@gmail.com',NULL),('0388700177','0388700177','Trần Quốc Thành','2002-09-02',NULL,'0388700177','quocthanh2929@gmail.com',NULL),('0537252812','0537252812','Trần văn sơn',NULL,NULL,'0537252812','quocthanh2929@gmail.com',NULL),('0637289164','0637289164','Hoài Anh',NULL,NULL,'0637289164','quocthanh2929@gmail.com',NULL),('0984732721','0984732721','Nguyen van Dat',NULL,NULL,'0984732721','datvip123@gmail.com',NULL),('0987654321','0987654321','Duong Huy',NULL,NULL,'0987654321','duonghuy112@gmail.com',NULL),('baothi','thi123','Tran bao thi',NULL,NULL,'0123456789','thi1232@gmail.com',NULL),('huykh','123456','huy','1970-01-01',NULL,'0987878787','windosi.pimm@mail.com','huykh.jpg'),('huytest','123456','huya',NULL,NULL,'0987878787','windosi.pimm@mail.com',NULL),('khachmua01','Thanh0209','tran van a','1970-01-01',NULL,'0123456789','quocthanh02092k2@gmail.com','khachmua01.jpg'),('thanh0209','Thanh0209','Trần Quốc Thành','1970-01-01',NULL,'0777317146','quocthanh2929@gmail.com','thanh0209.jpg');
/*!40000 ALTER TABLE `khachhang` ENABLE KEYS */;
UNLOCK TABLES;

--
-- Table structure for table `khuyenmai`
--

DROP TABLE IF EXISTS `khuyenmai`;
/*!40101 SET @saved_cs_client     = @@character_set_client */;
/*!50503 SET character_set_client = utf8mb4 */;
CREATE TABLE `khuyenmai` (
  `Ma` varchar(36) NOT NULL,
  `Ten` varchar(200) DEFAULT NULL,
  `Loai` varchar(30) DEFAULT NULL,
  `MucGiam` double DEFAULT NULL,
  `NgayBatDau` datetime DEFAULT NULL,
  `NgayKetThuc` datetime DEFAULT NULL,
  `TrangThai` bit(1) DEFAULT NULL,
  `NgayTao` datetime DEFAULT NULL,
  `NgayCapNhat` datetime DEFAULT CURRENT_TIMESTAMP,
  PRIMARY KEY (`Ma`)
) ENGINE=InnoDB DEFAULT CHARSET=utf8mb4 COLLATE=utf8mb4_0900_ai_ci;
/*!40101 SET character_set_client = @saved_cs_client */;

--
-- Dumping data for table `khuyenmai`
--

LOCK TABLES `khuyenmai` WRITE;
/*!40000 ALTER TABLE `khuyenmai` DISABLE KEYS */;
INSERT INTO `khuyenmai` VALUES ('YU95QZHK','Lan Dau Mua','TIEN',100000,'2024-06-01 00:00:00','2024-06-30 00:00:00',_binary '\0',NULL,'2024-06-09 17:33:01');
/*!40000 ALTER TABLE `khuyenmai` ENABLE KEYS */;
UNLOCK TABLES;

--
-- Table structure for table `khuyenmai_sanpham`
--

DROP TABLE IF EXISTS `khuyenmai_sanpham`;
/*!40101 SET @saved_cs_client     = @@character_set_client */;
/*!50503 SET character_set_client = utf8mb4 */;
CREATE TABLE `khuyenmai_sanpham` (
  `KhuyenMai` varchar(36) NOT NULL,
  `SanPham` varchar(50) NOT NULL,
  PRIMARY KEY (`KhuyenMai`,`SanPham`),
  KEY `KMSP_KhuyenMai_idx` (`KhuyenMai`),
  KEY `KMSP_SanPham_idx` (`SanPham`),
  CONSTRAINT `KMSP_KhuyenMai` FOREIGN KEY (`KhuyenMai`) REFERENCES `khuyenmai` (`Ma`) ON DELETE CASCADE ON UPDATE CASCADE,
  CONSTRAINT `KMSP_SanPham` FOREIGN KEY (`SanPham`) REFERENCES `sanpham` (`Ma`) ON DELETE CASCADE ON UPDATE CASCADE
) ENGINE=InnoDB DEFAULT CHARSET=utf8mb4 COLLATE=utf8mb4_0900_ai_ci;
/*!40101 SET character_set_client = @saved_cs_client */;

--
-- Dumping data for table `khuyenmai_sanpham`
--

LOCK TABLES `khuyenmai_sanpham` WRITE;
/*!40000 ALTER TABLE `khuyenmai_sanpham` DISABLE KEYS */;
INSERT INTO `khuyenmai_sanpham` VALUES ('1KKE6KMS','2222'),('JR3NY57S','11111'),('JR3NY57S','123'),('JR3NY57S','ADIASYEEZYRED'),('JVNMKRNL','CONVERSE'),('YU95QZHK','1'),('YU95QZHK','3'),('YU95QZHK','4'),('YU95QZHK','5'),('YU95QZHK','6'),('YU95QZHK','7'),('YU95QZHK','8'),('YU95QZHK','9'),('YU95QZHK','CV1'),('YU95QZHK','D1'),('Z44FUMTN','124'),('ZVBSSD2O','124');
/*!40000 ALTER TABLE `khuyenmai_sanpham` ENABLE KEYS */;
UNLOCK TABLES;

--
-- Table structure for table `kieudang`
--

DROP TABLE IF EXISTS `kieudang`;
/*!40101 SET @saved_cs_client     = @@character_set_client */;
/*!50503 SET character_set_client = utf8mb4 */;
CREATE TABLE `kieudang` (
  `id` varchar(36) NOT NULL DEFAULT (uuid()),
  `Ten` varchar(200) DEFAULT NULL,
  `NgayTao` datetime DEFAULT NULL,
  `NgayCapNhat` datetime DEFAULT CURRENT_TIMESTAMP,
  PRIMARY KEY (`id`)
) ENGINE=InnoDB DEFAULT CHARSET=utf8mb4 COLLATE=utf8mb4_0900_ai_ci;
/*!40101 SET character_set_client = @saved_cs_client */;

--
-- Dumping data for table `kieudang`
--

LOCK TABLES `kieudang` WRITE;
/*!40000 ALTER TABLE `kieudang` DISABLE KEYS */;
INSERT INTO `kieudang` VALUES ('06b1b78f-e66f-47be-94a8-c043dde24449','Sục','2024-06-02 21:30:12','2024-06-02 21:30:12'),('36302f8d-192d-462a-b63a-168174759d2c','Độn đế','2024-05-23 09:51:11','2024-06-02 18:19:50'),('6d66f1f1-f7c9-4a3c-a5cf-93618827fdb4','Cổ thấp','2024-05-23 09:57:07','2024-05-23 09:57:07'),('ba6fa368-4f85-11ee-8a18-ee19b027b30c','Cổ cao','2024-05-23 09:57:07','2024-05-23 09:57:07'),('ef631792-18f9-4172-a6f6-3905127385f4','Thể thao','2024-05-23 09:34:47','2024-05-23 09:34:47');
/*!40000 ALTER TABLE `kieudang` ENABLE KEYS */;
UNLOCK TABLES;

--
-- Table structure for table `mausac`
--

DROP TABLE IF EXISTS `mausac`;
/*!40101 SET @saved_cs_client     = @@character_set_client */;
/*!50503 SET character_set_client = utf8mb4 */;
CREATE TABLE `mausac` (
  `Ma` varchar(36) NOT NULL,
  `Ten` varchar(200) DEFAULT NULL,
  `NgayTao` datetime DEFAULT NULL,
  `NgayCapNhat` datetime DEFAULT CURRENT_TIMESTAMP,
  PRIMARY KEY (`Ma`)
) ENGINE=InnoDB DEFAULT CHARSET=utf8mb4 COLLATE=utf8mb4_0900_ai_ci;
/*!40101 SET character_set_client = @saved_cs_client */;

--
-- Dumping data for table `mausac`
--

LOCK TABLES `mausac` WRITE;
/*!40000 ALTER TABLE `mausac` DISABLE KEYS */;
INSERT INTO `mausac` VALUES ('1f42a223-ee6c-4b4b-93ea-c34d069f9e06','Xanh Lá','2024-06-02 18:46:26','2024-06-02 18:46:26'),('3410f6bc-a5f3-41e8-876a-1db6f9252d00','Kem','2024-06-02 18:17:13','2024-06-02 18:17:13'),('684e1d88-d896-47f1-9433-3eeaefe0ee48','Đỏ','2024-06-02 18:16:57','2024-06-02 18:16:57'),('a74b850f-fd21-4e9c-b111-a3ae8af054cf','Xanh Đỏ','2024-06-17 16:40:41','2024-06-17 16:40:41'),('be969a3f-1279-4149-a5e9-a4077761a0aa','Xanh Dương','2024-06-02 18:17:19','2024-06-02 18:17:19'),('c0efcb51-7527-43d1-b605-a5c00afc0821','Trắng','2024-06-02 18:16:50','2024-06-02 18:16:50'),('d6ab1087-e0b2-44b2-a7dc-564b4c84af13','Đen','2024-06-02 18:17:04','2024-06-02 18:17:04');
/*!40000 ALTER TABLE `mausac` ENABLE KEYS */;
UNLOCK TABLES;

--
-- Table structure for table `nhanvien`
--

DROP TABLE IF EXISTS `nhanvien`;
/*!40101 SET @saved_cs_client     = @@character_set_client */;
/*!50503 SET character_set_client = utf8mb4 */;
CREATE TABLE `nhanvien` (
  `VaiTro` varchar(20) DEFAULT NULL,
  `username` varchar(255) NOT NULL,
  `password` varchar(255) DEFAULT NULL,
  `hovaten` varchar(255) DEFAULT NULL,
  `NgaySinh` date DEFAULT NULL,
  `GioiTinh` bit(1) DEFAULT NULL,
  `sodienthoai` varchar(255) DEFAULT NULL,
  `email` varchar(255) DEFAULT NULL,
  `anhdaidien` varchar(255) DEFAULT NULL,
  PRIMARY KEY (`username`),
  KEY `TaiKhoan_VaiTro_idx` (`VaiTro`),
  CONSTRAINT `FK45g6drt18h45qc84cr9w2fj2k` FOREIGN KEY (`VaiTro`) REFERENCES `vaitro` (`Ma`),
  CONSTRAINT `NhanVien_VaiTro` FOREIGN KEY (`VaiTro`) REFERENCES `vaitro` (`Ma`) ON DELETE SET NULL ON UPDATE CASCADE
) ENGINE=InnoDB DEFAULT CHARSET=utf8mb4 COLLATE=utf8mb4_0900_ai_ci;
/*!40101 SET character_set_client = @saved_cs_client */;

--
-- Dumping data for table `nhanvien`
--

LOCK TABLES `nhanvien` WRITE;
/*!40000 ALTER TABLE `nhanvien` DISABLE KEYS */;
INSERT INTO `nhanvien` VALUES ('ADMIN','huy','123456','huy',NULL,NULL,NULL,NULL,NULL),('STAFF','nvbanhang01','nhanvien01','Nhan Vien 01','1999-12-31',_binary '\0','0123456789','quocthanh2929@gmail.com',NULL),('ADMIN','tranquocthanh','Thanh0209','Tran Quoc Thanh','2002-09-02',_binary '','0388700177','quocthanh2929@gmail.com','quocthanh.jpg');
/*!40000 ALTER TABLE `nhanvien` ENABLE KEYS */;
UNLOCK TABLES;

--
-- Table structure for table `nhanxet`
--

DROP TABLE IF EXISTS `nhanxet`;
/*!40101 SET @saved_cs_client     = @@character_set_client */;
/*!50503 SET character_set_client = utf8mb4 */;
CREATE TABLE `nhanxet` (
  `id` varchar(255) NOT NULL,
  `rating` float DEFAULT NULL,
  `tieude` varchar(255) DEFAULT NULL,
  `noidung` varchar(255) DEFAULT NULL,
  `thoigian` datetime(6) DEFAULT NULL,
  `chiTietDonHang` varchar(50) DEFAULT NULL,
  `pheDuyet` bit(1) DEFAULT NULL,
  `daChinhSua` bit(1) DEFAULT NULL,
  PRIMARY KEY (`id`),
  KEY `NHANXET_CTDH_idx` (`chiTietDonHang`),
  CONSTRAINT `NHANXET_CTDH` FOREIGN KEY (`chiTietDonHang`) REFERENCES `chitietdonhang` (`id`)
) ENGINE=InnoDB DEFAULT CHARSET=utf8mb4 COLLATE=utf8mb4_0900_ai_ci;
/*!40101 SET character_set_client = @saved_cs_client */;

--
-- Dumping data for table `nhanxet`
--

LOCK TABLES `nhanxet` WRITE;
/*!40000 ALTER TABLE `nhanxet` DISABLE KEYS */;
INSERT INTO `nhanxet` VALUES ('46e7af2e-41d1-47d1-9e5d-df009031b7c9',5,'Sản Phẩm Chất Lượng','Hàng Uy Tín','2024-06-05 19:31:27.492000','f6b9378c-d051-4ee6-ac90-4a398b807a3d',_binary '\0',_binary '\0');
/*!40000 ALTER TABLE `nhanxet` ENABLE KEYS */;
UNLOCK TABLES;

--
-- Table structure for table `sanpham`
--

DROP TABLE IF EXISTS `sanpham`;
/*!40101 SET @saved_cs_client     = @@character_set_client */;
/*!50503 SET character_set_client = utf8mb4 */;
CREATE TABLE `sanpham` (
  `Ma` varchar(50) NOT NULL,
  `MauSac` varchar(36) DEFAULT NULL,
  `DongSP` varchar(36) DEFAULT NULL,
  `KieuDang` varchar(36) DEFAULT NULL,
  `ChatLieu` varchar(36) DEFAULT NULL,
  `XuatXu` varchar(36) DEFAULT NULL,
  `ten` varchar(255) DEFAULT NULL,
  `gianhap` decimal(38,2) DEFAULT NULL,
  `giaban` decimal(38,2) DEFAULT NULL,
  `mota` varchar(255) DEFAULT NULL,
  `ngaytao` datetime(6) DEFAULT NULL,
  `ngaycapnhat` datetime(6) DEFAULT NULL,
  `HienThi` bit(1) DEFAULT NULL,
  `TrangThai` bit(1) DEFAULT NULL,
  PRIMARY KEY (`Ma`),
  KEY `SanPham_MauSac_idx` (`MauSac`),
  KEY `SanPham_ChatLieu` (`ChatLieu`),
  KEY `SanPham_DongSP` (`DongSP`),
  KEY `SanPham_KieuDang` (`KieuDang`),
  KEY `XuatXu_SP` (`XuatXu`),
  CONSTRAINT `FK9q3jk0g1tweclvobbe3scku93` FOREIGN KEY (`ChatLieu`) REFERENCES `chatlieu` (`id`) ON DELETE SET NULL,
  CONSTRAINT `FKh931tv4r24r9c5u7x5uhetoka` FOREIGN KEY (`KieuDang`) REFERENCES `kieudang` (`id`) ON DELETE SET NULL,
  CONSTRAINT `FKhi7eqmwh89442ymk9slsf2kqk` FOREIGN KEY (`MauSac`) REFERENCES `mausac` (`Ma`) ON DELETE SET NULL,
  CONSTRAINT `FKrw9eho1e1sbgpa5u3pb148hxg` FOREIGN KEY (`DongSP`) REFERENCES `dongsanpham` (`id`) ON DELETE SET NULL,
  CONSTRAINT `SanPham_ChatLieu` FOREIGN KEY (`ChatLieu`) REFERENCES `chatlieu` (`id`) ON DELETE SET NULL ON UPDATE CASCADE,
  CONSTRAINT `SanPham_DongSP` FOREIGN KEY (`DongSP`) REFERENCES `dongsanpham` (`id`) ON DELETE SET NULL ON UPDATE CASCADE,
  CONSTRAINT `SanPham_KieuDang` FOREIGN KEY (`KieuDang`) REFERENCES `kieudang` (`id`) ON DELETE SET NULL ON UPDATE CASCADE,
  CONSTRAINT `SanPham_MauSac` FOREIGN KEY (`MauSac`) REFERENCES `mausac` (`Ma`) ON DELETE SET NULL ON UPDATE CASCADE,
  CONSTRAINT `XuatXu_SP` FOREIGN KEY (`XuatXu`) REFERENCES `xuatxu` (`id`) ON DELETE SET NULL ON UPDATE CASCADE
) ENGINE=InnoDB DEFAULT CHARSET=utf8mb4 COLLATE=utf8mb4_0900_ai_ci;
/*!40101 SET character_set_client = @saved_cs_client */;

--
-- Dumping data for table `sanpham`
--

LOCK TABLES `sanpham` WRITE;
/*!40000 ALTER TABLE `sanpham` DISABLE KEYS */;
INSERT INTO `sanpham` VALUES ('1','c0efcb51-7527-43d1-b605-a5c00afc0821','433870a7-2bf5-4fe3-93c5-ef483a587715','6d66f1f1-f7c9-4a3c-a5cf-93618827fdb4','a7814731-8c75-4c1c-8a52-aa448f0298ed','407a7310-cb72-4145-a8a5-9c0a0fa7f2b6','Vans FOG',1000000.00,1000000.00,'Mẫu mới về ','2024-06-02 18:28:18.426000','2024-06-02 18:28:18.467000',_binary '',_binary ''),('3','be969a3f-1279-4149-a5e9-a4077761a0aa','9c64c14f-bac3-45c5-a256-55a1f37ce903','36302f8d-192d-462a-b63a-168174759d2c','0c4ef1b1-59c1-4c3f-85fb-825549033579','0dc432ad-332f-412f-9b85-0c2a88a0d200','Giày LV Xanh Dương V1',15000000.00,15000000.00,'hàng chính hãng','2024-06-02 18:45:50.074000','2024-06-02 18:45:50.095000',_binary '',_binary ''),('4','1f42a223-ee6c-4b4b-93ea-c34d069f9e06','9c64c14f-bac3-45c5-a256-55a1f37ce903','36302f8d-192d-462a-b63a-168174759d2c','0c4ef1b1-59c1-4c3f-85fb-825549033579','0dc432ad-332f-412f-9b85-0c2a88a0d200','Giày LV Xanh Lá V1',15000000.00,15000000.00,'hàng chính hãng','2024-06-02 18:46:55.817000','2024-06-02 18:46:55.829000',_binary '',_binary ''),('5','c0efcb51-7527-43d1-b605-a5c00afc0821','2e8b8906-75df-4b65-b335-88b317c8bd08','ba6fa368-4f85-11ee-8a18-ee19b027b30c','0c4ef1b1-59c1-4c3f-85fb-825549033579','470e2611-1afd-4bb8-85e8-90f8c33ae7e9','Nike FOG',5500000.00,5500000.00,'','2024-06-02 19:03:20.420000','2024-06-02 19:03:20.434000',_binary '',_binary ''),('6','c0efcb51-7527-43d1-b605-a5c00afc0821','4a907d0d-7ef5-47e8-b5b0-91061002fe5e','6d66f1f1-f7c9-4a3c-a5cf-93618827fdb4','0c4ef1b1-59c1-4c3f-85fb-825549033579','0dc432ad-332f-412f-9b85-0c2a88a0d200','Adidas Gezelle White Navy',5500000.00,5500000.00,'','2024-06-02 19:46:46.151000','2024-06-02 19:46:46.191000',_binary '',_binary ''),('7','c0efcb51-7527-43d1-b605-a5c00afc0821','2e8b8906-75df-4b65-b335-88b317c8bd08','36302f8d-192d-462a-b63a-168174759d2c','0c4ef1b1-59c1-4c3f-85fb-825549033579','2daa2fc8-5498-41d7-b1c4-ccd41237aa44','Nike Air Force One',2300000.00,2300000.00,'','2024-06-02 19:11:46.404000','2024-06-02 19:12:45.983000',_binary '',_binary ''),('8','684e1d88-d896-47f1-9433-3eeaefe0ee48','4a907d0d-7ef5-47e8-b5b0-91061002fe5e','ef631792-18f9-4172-a6f6-3905127385f4','a7814731-8c75-4c1c-8a52-aa448f0298ed','0dc432ad-332f-412f-9b85-0c2a88a0d200','Adidas Samba Red',8800000.00,8800000.00,'','2024-06-02 21:28:59.873000','2024-06-02 21:28:59.950000',_binary '',_binary ''),('9','3410f6bc-a5f3-41e8-876a-1db6f9252d00','1717f56c-7ce9-4900-9260-5d9ad6c5631d','06b1b78f-e66f-47be-94a8-c043dde24449','a7814731-8c75-4c1c-8a52-aa448f0298ed','0dc432ad-332f-412f-9b85-0c2a88a0d200','Sục Balenciaga',2200000.00,2200000.00,'','2024-06-02 21:30:15.785000','2024-06-02 21:30:15.807000',_binary '',_binary ''),('CV1','c0efcb51-7527-43d1-b605-a5c00afc0821','7030780c-240b-49d4-bc04-6325e75d5aab','ba6fa368-4f85-11ee-8a18-ee19b027b30c','a7814731-8c75-4c1c-8a52-aa448f0298ed','2daa2fc8-5498-41d7-b1c4-ccd41237aa44','Converst',1990000.00,1990000.00,'','2024-06-02 21:59:49.576000','2024-06-02 21:59:49.619000',_binary '',_binary ''),('D1','c0efcb51-7527-43d1-b605-a5c00afc0821','e6564813-1932-4f6a-8b4d-dd269346fd1d','36302f8d-192d-462a-b63a-168174759d2c','a7814731-8c75-4c1c-8a52-aa448f0298ed','0dc432ad-332f-412f-9b85-0c2a88a0d200','Dior V1',5990000.00,5990000.00,'','2024-06-02 21:57:49.123000','2024-06-02 22:01:59.855000',_binary '',_binary ''),('NIKE2','be969a3f-1279-4149-a5e9-a4077761a0aa','2e8b8906-75df-4b65-b335-88b317c8bd08','6d66f1f1-f7c9-4a3c-a5cf-93618827fdb4','0c4ef1b1-59c1-4c3f-85fb-825549033579','0dc432ad-332f-412f-9b85-0c2a88a0d200','Nike Air Jordan 1 Low ‘Blue Sashiko’',5990000.00,5990000.00,'Hàng Cao Cấp','2024-06-17 16:41:57.656000','2024-06-17 16:42:43.052000',_binary '',_binary '');
/*!40000 ALTER TABLE `sanpham` ENABLE KEYS */;
UNLOCK TABLES;

--
-- Table structure for table `size`
--

DROP TABLE IF EXISTS `size`;
/*!40101 SET @saved_cs_client     = @@character_set_client */;
/*!50503 SET character_set_client = utf8mb4 */;
CREATE TABLE `size` (
  `Ma` float NOT NULL,
  `ChieuDai` float DEFAULT NULL,
  `NgayTao` datetime DEFAULT NULL,
  `NgayCapNhat` datetime DEFAULT CURRENT_TIMESTAMP,
  PRIMARY KEY (`Ma`)
) ENGINE=InnoDB DEFAULT CHARSET=utf8mb4 COLLATE=utf8mb4_0900_ai_ci;
/*!40101 SET character_set_client = @saved_cs_client */;

--
-- Dumping data for table `size`
--

LOCK TABLES `size` WRITE;
/*!40000 ALTER TABLE `size` DISABLE KEYS */;
INSERT INTO `size` VALUES (35,22,'2024-06-02 21:49:32','2024-06-02 21:49:32'),(36,22.5,'2024-06-02 21:49:43','2024-06-02 21:49:43'),(37,23,'2024-06-02 21:49:54','2024-06-02 21:49:54'),(38,23.5,'2024-06-02 21:50:07','2024-06-02 21:50:07'),(39,24,'2024-06-02 21:50:14','2024-06-02 21:50:14'),(40,25.2,'2024-06-02 21:50:24','2024-06-02 21:51:15'),(41,26,'2024-06-02 21:50:36','2024-06-02 21:50:36'),(42,27,'2024-06-02 21:51:36','2024-06-02 21:51:36'),(43,27.5,'2024-06-02 21:51:45','2024-06-02 21:51:45'),(44,28,'2024-06-02 21:51:56','2024-06-02 21:51:56');
/*!40000 ALTER TABLE `size` ENABLE KEYS */;
UNLOCK TABLES;

--
-- Table structure for table `thongbao`
--

DROP TABLE IF EXISTS `thongbao`;
/*!40101 SET @saved_cs_client     = @@character_set_client */;
/*!50503 SET character_set_client = utf8mb4 */;
CREATE TABLE `thongbao` (
  `id` varchar(36) NOT NULL DEFAULT (uuid()),
  `NhanVien` varchar(20) DEFAULT NULL,
  `loaithongbao` varchar(255) DEFAULT NULL,
  `noidung` varchar(255) DEFAULT NULL,
  `thoigian` datetime(6) DEFAULT NULL,
  `url` varchar(255) DEFAULT NULL,
  PRIMARY KEY (`id`),
  KEY `ThongBao_NhanVien_idx` (`NhanVien`),
  CONSTRAINT `ThongBao_NhanVien` FOREIGN KEY (`NhanVien`) REFERENCES `nhanvien` (`username`) ON DELETE CASCADE ON UPDATE CASCADE
) ENGINE=InnoDB DEFAULT CHARSET=utf8mb4 COLLATE=utf8mb4_0900_ai_ci;
/*!40101 SET character_set_client = @saved_cs_client */;

--
-- Dumping data for table `thongbao`
--

LOCK TABLES `thongbao` WRITE;
/*!40000 ALTER TABLE `thongbao` DISABLE KEYS */;
/*!40000 ALTER TABLE `thongbao` ENABLE KEYS */;
UNLOCK TABLES;

--
-- Table structure for table `thongbaonhan`
--

DROP TABLE IF EXISTS `thongbaonhan`;
/*!40101 SET @saved_cs_client     = @@character_set_client */;
/*!50503 SET character_set_client = utf8mb4 */;
CREATE TABLE `thongbaonhan` (
  `id` bigint NOT NULL AUTO_INCREMENT,
  `ThongBao` varchar(36) DEFAULT NULL,
  `TrangThai` bit(1) DEFAULT NULL,
  `NhanVien` varchar(20) DEFAULT NULL,
  PRIMARY KEY (`id`),
  KEY `ThongBaoNhan_ThongBao` (`ThongBao`),
  KEY `ThongBaoNhan_NhanVien_idx` (`NhanVien`),
  CONSTRAINT `FK4x4ehsj7p04xay6phhl8w1y50` FOREIGN KEY (`ThongBao`) REFERENCES `thongbao` (`id`),
  CONSTRAINT `ThongBaoNhan_NhanVien` FOREIGN KEY (`NhanVien`) REFERENCES `nhanvien` (`username`) ON DELETE CASCADE ON UPDATE CASCADE,
  CONSTRAINT `ThongBaoNhan_ThongBao` FOREIGN KEY (`ThongBao`) REFERENCES `thongbao` (`id`) ON DELETE CASCADE ON UPDATE CASCADE
) ENGINE=InnoDB AUTO_INCREMENT=77 DEFAULT CHARSET=utf8mb4 COLLATE=utf8mb4_0900_ai_ci;
/*!40101 SET character_set_client = @saved_cs_client */;

--
-- Dumping data for table `thongbaonhan`
--

LOCK TABLES `thongbaonhan` WRITE;
/*!40000 ALTER TABLE `thongbaonhan` DISABLE KEYS */;
INSERT INTO `thongbaonhan` VALUES (1,'f3214694-c071-4396-b1e9-7341f911129b',_binary '\0',NULL),(2,'8a84f697-4232-4ee3-a38e-3cd04e824fc2',_binary '\0',NULL),(3,'d9e19e33-918b-4420-90b1-e38f62fa1e7c',_binary '\0',NULL),(4,'e8f51527-1883-41ee-b3e9-b0f4bfca6595',_binary '\0',NULL),(5,'2d2a9cc7-ab89-4215-ba98-5fd581e457de',_binary '\0',NULL),(6,'c4699374-cf09-4543-a7b9-6fc91d88b7b9',_binary '\0',NULL),(7,'7bbc4d6d-b37b-4ad2-a64b-6861b80d0a1d',_binary '\0',NULL),(8,'43b75804-daa4-447a-8bec-bd4854a703b5',_binary '\0',NULL),(9,'ce75009d-d139-4166-aaeb-3ba43d95c4f5',_binary '\0',NULL),(10,'6ca6a287-413e-49fe-92e4-c9e1b25066dc',_binary '\0',NULL),(11,'2c882a67-463a-4b60-9b49-c9af8caf2138',_binary '\0',NULL),(12,'ad79e322-ce40-408d-94c1-8e1c19478450',_binary '\0',NULL),(13,'633f247d-7a97-4e04-8591-f8d137bcb86f',_binary '\0',NULL),(14,'903876b7-2253-4854-a0db-7c0f9564d642',_binary '\0',NULL),(15,'7c49fa6d-bb50-4e08-bbf5-226096e808fd',_binary '\0',NULL),(16,'5aa23fd6-13d1-4211-8bc5-ba6a7cffc874',_binary '\0',NULL),(17,'3e621eb5-4048-4d8c-bcba-341eedb8db08',_binary '\0',NULL),(18,'87366cd2-5485-4db1-af11-89d927d92744',_binary '\0',NULL),(19,'5efc0315-adbc-4b5e-bfd3-e2664c0e5837',_binary '\0',NULL),(20,'cc177f97-c416-490e-91ff-76b5ddf1c656',_binary '\0',NULL),(21,'1e4f240b-c46c-4f04-95a4-c8116fea573e',_binary '\0',NULL),(22,'84b7ae53-5ebf-4430-b6e7-eb0563a6060b',_binary '\0',NULL),(23,'8c7ad9a4-75d8-4f2f-8db7-672e0d962ad5',_binary '\0',NULL),(24,'abe15567-cf13-4f0f-8964-d7b3e60247f2',_binary '\0',NULL),(25,'c50d83a1-866d-4b64-8a28-971fd5cb92fb',_binary '\0',NULL),(26,'437d49f8-50b1-4f1a-a0e2-6df60d88383a',_binary '\0',NULL),(27,'44a7369a-b21b-4570-b552-b03298b109b0',_binary '\0',NULL),(28,'f6b7bab0-0a34-4ed0-b87e-d9b029e9a88d',_binary '\0',NULL),(29,'e4fe335e-b44f-416a-95e8-2ac743295ddd',_binary '\0',NULL),(30,'e3fca204-8d7c-4e23-be78-3b1d4dea20bb',_binary '\0',NULL),(31,'278ce76b-c210-44cc-b90d-40915bb26f6f',_binary '\0',NULL),(32,'497090aa-971e-4243-8df3-9810a1f213d6',_binary '\0',NULL),(33,'a94504d5-5122-4d5b-8b2f-4dbc6de3aa38',_binary '\0',NULL),(34,'abf8803e-cd0c-4df3-b2f4-8e918297f663',_binary '\0',NULL),(35,'2504099a-50b2-4328-8834-4a046e1e5037',_binary '\0',NULL),(36,'fbec81a5-5547-45d2-8271-8a35b29c550b',_binary '\0',NULL),(37,'57161f98-ad9b-427f-b90b-0c24cf03233f',_binary '\0',NULL),(38,'d5ed3250-fd78-41a6-b4e5-b2d74ead8d47',_binary '\0',NULL),(39,'20ef2876-9fc9-4be1-8f78-ab5ff9310cbc',_binary '\0',NULL),(40,'5143ab92-7bf2-44e7-a41a-db0058b2acfe',_binary '\0',NULL),(41,'dcddb40c-b588-414d-a47b-20cf3babd15e',_binary '\0',NULL),(42,'895256f4-bf2f-4edf-a5d8-4ff2b7718197',_binary '\0',NULL),(43,'7caf40a6-e8f9-4f03-9d88-da953cdb50ce',_binary '\0',NULL),(44,'7a9a715e-f0b2-439a-bcfe-b0cdc15c3f7b',_binary '\0',NULL),(45,'9a78684d-fd13-4dd7-8d5d-50135ef10f32',_binary '\0',NULL),(46,'912c7b2b-da79-45af-9fab-f2259030b3be',_binary '\0',NULL),(47,'171be8cb-ec40-4fce-8d17-813959725809',_binary '\0',NULL),(48,'67634815-d740-42e1-83eb-80fbfc1289bf',_binary '\0',NULL),(49,'89eea2dd-2246-4333-b48c-4dbbbe106d57',_binary '\0',NULL),(50,'5e9a34e5-20fe-4f73-8bf0-0c887d4fd88e',_binary '\0',NULL),(51,'23a63a1f-188c-472d-871d-4e48ff0f6f0d',_binary '\0',NULL),(52,'8dbd4f34-8a59-48d0-ad76-4bc0c6f37944',_binary '\0',NULL),(53,'6a65fa1d-8dd4-4960-aec2-a7a7ff04c222',_binary '\0',NULL),(54,'9dc13e3b-b16b-4c87-8779-48d660a99f61',_binary '\0',NULL),(55,'ec1d8448-f806-490f-a9bb-d945ec8e667b',_binary '\0',NULL),(56,'f503fcf3-da84-492d-942a-67b76b278758',_binary '\0',NULL),(57,'be58f65e-2901-4dfe-b8aa-a63c3df57334',_binary '\0',NULL),(58,'0523b819-0c77-4b47-b34b-9b4dd6d573a0',_binary '\0',NULL),(59,'088b643b-ff65-40c0-a61d-69e76a45b1fe',_binary '\0',NULL),(60,'63d10209-2070-4e78-917d-a65826c5c904',_binary '\0',NULL),(61,'dcd342c5-2365-40bb-a4b7-50f0808d5bfd',_binary '\0',NULL),(62,'9e54dc6b-e2ed-422f-abe6-903d7fd13adf',_binary '\0',NULL),(63,'ca0cb38e-8131-4a11-bb45-0b4080170bf2',_binary '\0',NULL),(64,'429758c3-b65b-4625-8260-bb49749bbca7',_binary '\0',NULL),(65,'35201a4e-bcd0-411e-9f9e-97978d8ec1b9',_binary '\0',NULL),(66,'a0a9114b-e6a0-48b9-ba47-f3eb8548a920',_binary '\0',NULL),(67,'c2f5a9fd-8444-4795-9f8a-db2e6139d74c',_binary '\0',NULL),(68,'0159d590-ef9a-42e7-a4f9-418947637e9e',_binary '\0',NULL),(69,'b22cef5c-1122-42f1-aed6-f740f691158d',_binary '\0',NULL),(70,'ea7c89d7-a9bf-490d-a440-a2be6ca40ee6',_binary '\0',NULL),(71,'60a24f52-1b29-46cb-9a04-1a255a3d9b89',_binary '\0',NULL),(72,'1f0b369b-b24e-496d-bc11-7bd4a80b45c8',_binary '\0',NULL),(73,'c8934b89-3381-44cd-97de-96aae19d9ec6',_binary '\0',NULL),(74,'f9eb21c3-6591-433b-8d33-2621b57128ca',_binary '\0',NULL),(75,'7d5220b1-b44e-4f75-9038-cbdd2bb828af',_binary '\0',NULL),(76,'81165ad0-548a-4dbc-bc54-da4768c3f138',_binary '\0',NULL);
/*!40000 ALTER TABLE `thongbaonhan` ENABLE KEYS */;
UNLOCK TABLES;

--
-- Table structure for table `thuonghieu`
--

DROP TABLE IF EXISTS `thuonghieu`;
/*!40101 SET @saved_cs_client     = @@character_set_client */;
/*!50503 SET character_set_client = utf8mb4 */;
CREATE TABLE `thuonghieu` (
  `id` varchar(36) NOT NULL DEFAULT (uuid()),
  `Ten` varchar(200) DEFAULT NULL,
  `NgayTao` datetime DEFAULT NULL,
  `NgayCapNhat` datetime DEFAULT CURRENT_TIMESTAMP,
  PRIMARY KEY (`id`)
) ENGINE=InnoDB DEFAULT CHARSET=utf8mb4 COLLATE=utf8mb4_0900_ai_ci;
/*!40101 SET character_set_client = @saved_cs_client */;

--
-- Dumping data for table `thuonghieu`
--

LOCK TABLES `thuonghieu` WRITE;
/*!40000 ALTER TABLE `thuonghieu` DISABLE KEYS */;
INSERT INTO `thuonghieu` VALUES ('2066d25f-d081-4018-a432-bf50157df6f4','Louis Vuitton','2024-06-02 18:22:37','2024-06-02 18:22:37'),('27296473-9fb6-44ac-b61f-21ed97fa4b62','Dior','2024-06-02 21:54:32','2024-06-02 21:54:32'),('6ce98e5a-d01b-412c-81a9-6cd0adfddc25','Nike','2024-06-02 18:22:11','2024-06-02 18:22:11'),('8c56dc79-4d9e-4716-a425-8d7ccedd8832','Converse','2024-06-02 18:36:58','2024-06-02 18:36:58'),('95d7f1c8-e27c-4681-b6ad-547b4054b54e','Adidas','2024-06-02 18:22:06','2024-06-02 18:22:06'),('a0caa4a1-d76c-411e-8d73-fd345c9fad80','Balenciaga','2024-06-02 18:22:57','2024-06-02 18:22:57'),('ed4e0553-e93f-4490-af2b-4612537f43c0','Vans','2024-06-02 18:23:11','2024-06-02 18:23:11');
/*!40000 ALTER TABLE `thuonghieu` ENABLE KEYS */;
UNLOCK TABLES;

--
-- Table structure for table `vaitro`
--

DROP TABLE IF EXISTS `vaitro`;
/*!40101 SET @saved_cs_client     = @@character_set_client */;
/*!50503 SET character_set_client = utf8mb4 */;
CREATE TABLE `vaitro` (
  `Ma` varchar(20) NOT NULL,
  `Ten` varchar(50) NOT NULL,
  PRIMARY KEY (`Ma`)
) ENGINE=InnoDB DEFAULT CHARSET=utf8mb4 COLLATE=utf8mb4_0900_ai_ci;
/*!40101 SET character_set_client = @saved_cs_client */;

--
-- Dumping data for table `vaitro`
--

LOCK TABLES `vaitro` WRITE;
/*!40000 ALTER TABLE `vaitro` DISABLE KEYS */;
INSERT INTO `vaitro` VALUES ('ADMIN','Quản Lý'),('CUST','Khách Hàng'),('STAFF','Nhân Viên');
/*!40000 ALTER TABLE `vaitro` ENABLE KEYS */;
UNLOCK TABLES;

--
-- Table structure for table `voucher`
--

DROP TABLE IF EXISTS `voucher`;
/*!40101 SET @saved_cs_client     = @@character_set_client */;
/*!50503 SET character_set_client = utf8mb4 */;
CREATE TABLE `voucher` (
  `Ma` varchar(36) NOT NULL,
  `mota` varchar(200) DEFAULT NULL,
  `loaimucgiam` varchar(255) DEFAULT NULL,
  `MucGiam` double DEFAULT NULL,
  `GiaTriDonHang` decimal(12,2) DEFAULT NULL,
  `MucGiamToiDa` decimal(12,2) DEFAULT NULL,
  `NgayBatDau` datetime DEFAULT NULL,
  `NgayKetThuc` datetime DEFAULT NULL,
  `SoLuong` bigint DEFAULT NULL,
  `trangthaixoa` bit(1) DEFAULT NULL,
  `hinhthucthanhtoan` int DEFAULT NULL,
  `trangthai` int DEFAULT NULL,
  `doituongsudung` bit(1) DEFAULT NULL,
  PRIMARY KEY (`Ma`)
) ENGINE=InnoDB DEFAULT CHARSET=utf8mb4 COLLATE=utf8mb4_0900_ai_ci;
/*!40101 SET character_set_client = @saved_cs_client */;

--
-- Dumping data for table `voucher`
--

LOCK TABLES `voucher` WRITE;
/*!40000 ALTER TABLE `voucher` DISABLE KEYS */;
INSERT INTO `voucher` VALUES ('SES1WX7Y','Sinh Nhat Thang 6','TIEN',250000,500000.00,NULL,'2024-06-01 17:33:00','2024-06-30 17:33:00',8,_binary '\0',2,0,_binary '\0');
/*!40000 ALTER TABLE `voucher` ENABLE KEYS */;
UNLOCK TABLES;

--
-- Table structure for table `voucherkhachhang`
--

DROP TABLE IF EXISTS `voucherkhachhang`;
/*!40101 SET @saved_cs_client     = @@character_set_client */;
/*!50503 SET character_set_client = utf8mb4 */;
CREATE TABLE `voucherkhachhang` (
  `voucher` varchar(255) NOT NULL,
  `khachhang` varchar(255) NOT NULL,
  KEY `FK1b9344hc3h5u61oua5hdubxgy` (`khachhang`),
  KEY `FKo1k8oa0dyhw8e05ni9d4sy4r` (`voucher`),
  CONSTRAINT `FK1b9344hc3h5u61oua5hdubxgy` FOREIGN KEY (`khachhang`) REFERENCES `khachhang` (`username`),
  CONSTRAINT `FKo1k8oa0dyhw8e05ni9d4sy4r` FOREIGN KEY (`voucher`) REFERENCES `voucher` (`Ma`)
) ENGINE=InnoDB DEFAULT CHARSET=utf8mb4 COLLATE=utf8mb4_0900_ai_ci;
/*!40101 SET character_set_client = @saved_cs_client */;

--
-- Dumping data for table `voucherkhachhang`
--

LOCK TABLES `voucherkhachhang` WRITE;
/*!40000 ALTER TABLE `voucherkhachhang` DISABLE KEYS */;
/*!40000 ALTER TABLE `voucherkhachhang` ENABLE KEYS */;
UNLOCK TABLES;

--
-- Table structure for table `xuatxu`
--

DROP TABLE IF EXISTS `xuatxu`;
/*!40101 SET @saved_cs_client     = @@character_set_client */;
/*!50503 SET character_set_client = utf8mb4 */;
CREATE TABLE `xuatxu` (
  `id` varchar(36) NOT NULL DEFAULT (uuid()),
  `Ten` varchar(200) DEFAULT NULL,
  `NgayTao` datetime DEFAULT NULL,
  `NgayCapNhat` datetime DEFAULT CURRENT_TIMESTAMP,
  PRIMARY KEY (`id`)
) ENGINE=InnoDB DEFAULT CHARSET=utf8mb4 COLLATE=utf8mb4_0900_ai_ci;
/*!40101 SET character_set_client = @saved_cs_client */;

--
-- Dumping data for table `xuatxu`
--

LOCK TABLES `xuatxu` WRITE;
/*!40000 ALTER TABLE `xuatxu` DISABLE KEYS */;
INSERT INTO `xuatxu` VALUES ('0dc432ad-332f-412f-9b85-0c2a88a0d200','Mỹ','2024-06-02 18:17:41','2024-06-02 18:17:41'),('1adf5f74-0bb3-4453-9cec-1b88b3807c76','Pháp','2024-06-02 18:17:54','2024-06-02 18:17:54'),('2daa2fc8-5498-41d7-b1c4-ccd41237aa44','Trung Quốc','2024-06-02 18:17:35','2024-06-02 18:17:35'),('407a7310-cb72-4145-a8a5-9c0a0fa7f2b6','Việt Nam','2024-06-02 18:17:27','2024-06-02 18:17:27'),('470e2611-1afd-4bb8-85e8-90f8c33ae7e9','Hàn Quốc','2024-06-02 18:17:49','2024-06-02 18:17:49');
/*!40000 ALTER TABLE `xuatxu` ENABLE KEYS */;
UNLOCK TABLES;
/*!40103 SET TIME_ZONE=@OLD_TIME_ZONE */;

/*!40101 SET SQL_MODE=@OLD_SQL_MODE */;
/*!40014 SET FOREIGN_KEY_CHECKS=@OLD_FOREIGN_KEY_CHECKS */;
/*!40014 SET UNIQUE_CHECKS=@OLD_UNIQUE_CHECKS */;
/*!40101 SET CHARACTER_SET_CLIENT=@OLD_CHARACTER_SET_CLIENT */;
/*!40101 SET CHARACTER_SET_RESULTS=@OLD_CHARACTER_SET_RESULTS */;
/*!40101 SET COLLATION_CONNECTION=@OLD_COLLATION_CONNECTION */;
/*!40111 SET SQL_NOTES=@OLD_SQL_NOTES */;

-- Dump completed on 2024-07-08 22:38:18
